-- MySQL dump 10.13  Distrib 5.1.65, for pc-linux-gnu (i686)
--
-- Host: localhost    Database: sibinaco_yahya
-- ------------------------------------------------------
-- Server version	5.1.65-cll

/*!40101 SET @OLD_CHARACTER_SET_CLIENT=@@CHARACTER_SET_CLIENT */;
/*!40101 SET @OLD_CHARACTER_SET_RESULTS=@@CHARACTER_SET_RESULTS */;
/*!40101 SET @OLD_COLLATION_CONNECTION=@@COLLATION_CONNECTION */;
/*!40101 SET NAMES utf8 */;
/*!40103 SET @OLD_TIME_ZONE=@@TIME_ZONE */;
/*!40103 SET TIME_ZONE='+00:00' */;
/*!40014 SET @OLD_UNIQUE_CHECKS=@@UNIQUE_CHECKS, UNIQUE_CHECKS=0 */;
/*!40014 SET @OLD_FOREIGN_KEY_CHECKS=@@FOREIGN_KEY_CHECKS, FOREIGN_KEY_CHECKS=0 */;
/*!40101 SET @OLD_SQL_MODE=@@SQL_MODE, SQL_MODE='NO_AUTO_VALUE_ON_ZERO' */;
/*!40111 SET @OLD_SQL_NOTES=@@SQL_NOTES, SQL_NOTES=0 */;

--
-- Table structure for table `akun_login`
--

DROP TABLE IF EXISTS `akun_login`;
/*!40101 SET @saved_cs_client     = @@character_set_client */;
/*!40101 SET character_set_client = utf8 */;
CREATE TABLE `akun_login` (
  `npm` char(10) NOT NULL,
  `pwd` varchar(32) NOT NULL,
  `level` tinyint(1) NOT NULL,
  PRIMARY KEY (`npm`,`pwd`)
) ENGINE=MyISAM DEFAULT CHARSET=latin1;
/*!40101 SET character_set_client = @saved_cs_client */;

--
-- Dumping data for table `akun_login`
--

LOCK TABLES `akun_login` WRITE;
/*!40000 ALTER TABLE `akun_login` DISABLE KEYS */;
INSERT INTO `akun_login` (`npm`, `pwd`, `level`) VALUES ('0000000001','06b15d3af713e318d123274a98d70bc9',1),('0000000007','7c471da97687baadd63d912264917022',1),('0906510565','d45f1210f453fba122df95ce223be41a',1),('4455665544','92fb0c67cbc7695c298997b903a07582',1),('admin','e172dd95f4feb21412a692e73929961e',5),('pembinaan','06b15d3af713e318d123274a98d70bc9',5),('0906563634','c23737101eda12e7f71d4bf38bcc19c0',1),('0806339471','c5008b49b930cc520513331f7a97fb1b',1),('0806457672','7785119e9145f12c21b4e55f61443815',1),('0806334691','d5d552a530e7668a252ca6b6b4262945',1),('0806316322','19630cd70bea4179ff01e3cd680d9dca',1),('0806335050','8e7441ae4da05985f69cdf230f1e2155',1),('1006686276','baa2ceb3e8eeb09dd60ae1d644460d2e',1),('0906563842','f3d279c383ee35ab9e017896f253f0f0',1),('0906562902','2f5591d4aac38feb82ad72dbc1b75228',1),('1006685576','782124d4abc9b2e59be4e3c246bdc52b',1),('1006775691','fc021fa93ecb3ac514d1ba9f56588881',1),('1006775672','991ec26a7456623ff20bc8eb6c4932e1',1),('0806339673','7c0c7726d6aa916f975d7b79f81a3faf',1),('0806316316','c7c5be09da786ca6929309c9f95a1ed0',1),('0906493155','17ba370624e138446474e3c74c82fcd0',1),('0906492991','50b9ba08dd02df6251823c91949eb271',1),('0906518170','3ab77589ebefb02237b787de631ba034',1),('0806334956','8373fcd02397821378e0d9bdb91bbec5',1);
/*!40000 ALTER TABLE `akun_login` ENABLE KEYS */;
UNLOCK TABLES;

--
-- Table structure for table `change_log`
--

DROP TABLE IF EXISTS `change_log`;
/*!40101 SET @saved_cs_client     = @@character_set_client */;
/*!40101 SET character_set_client = utf8 */;
CREATE TABLE `change_log` (
  `id` tinyint(4) NOT NULL AUTO_INCREMENT,
  `tipe` varchar(10) NOT NULL,
  `waktu` timestamp NOT NULL DEFAULT CURRENT_TIMESTAMP ON UPDATE CURRENT_TIMESTAMP,
  `deskripsi` longtext NOT NULL,
  `oleh` varchar(12) NOT NULL,
  PRIMARY KEY (`id`)
) ENGINE=MyISAM AUTO_INCREMENT=23 DEFAULT CHARSET=latin1;
/*!40101 SET character_set_client = @saved_cs_client */;

--
-- Dumping data for table `change_log`
--

LOCK TABLES `change_log` WRITE;
/*!40000 ALTER TABLE `change_log` DISABLE KEYS */;
INSERT INTO `change_log` (`id`, `tipe`, `waktu`, `deskripsi`, `oleh`) VALUES (1,'update','2011-08-23 04:00:00','sampai saat ini, yang mentor udah oke secara overall. kurang:\r\n- ganti password sendiri\r\n- kadang pas nambah log mentoring gak nambah kehadiran si mentee','admin'),(2,'update','2011-08-24 01:43:26','untuk pembinaan, yang kurang di bagian profil. yang bagian risalah insya Allah udah oke basicnya, tinggal ditambahin fiturnya aja kalo mau.','admin'),(3,'update','2011-08-24 02:15:26','sedikit memperbaiki tampilan halaman ini, tapi tetep belom pake css byk2.','pembinaan'),(4,'update','2011-08-24 02:43:26','Update sistem dan tampilan untuk menu profil->kelompok. Tinggal kurang tambah kelompok. oya, karena males nyari cara extend controler sendiri, jadi byk kode yg dikopas dari controller dan view mentor (profil).','pembinaan'),(5,'update','2011-08-24 12:11:00','Perubahan tampilan halaman ini mengikuti tema website utama. Sistemnya juga diganti, jadi lebih simpel untuk nambah laporan baru.','admin'),(6,'update','2011-08-24 12:28:00','Nambah link di Beranda untuk menuju ke sini dan sebaliknya.','admin'),(7,'update','2011-08-24 12:40:00','Minor update ukuran font body dan footer.','admin'),(8,'bug','2011-08-24 12:45:00','Contoh laporan ada Bug baru.\r\n\r\nalamat: index.php/profil/kelompok\r\ndetil:\r\n- gak bisa nambah mentee\r\n- ada konfirmasi sukses tapi gak ketambah di daftar mentee','0000000001'),(9,'feedback','2011-08-24 12:47:00','Contoh feedback.\r\nDi menu atau alamat {ini} kayaknya lebih bagus kalau letaknya blablabla dan warnanya blablabla.','0000000001'),(10,'update','2011-08-24 18:33:00','Menambahkan fitur tambah entee di halaman:\r\n<code>index.php/info/kelompok</code>','admin'),(11,'update','2011-08-24 19:37:00','Menambahkan fitur tambah kelompok di halaman:\r\n<code>index.php/info/kelompok</code>','admin'),(12,'update','2011-08-24 20:33:00','Memperbarui sistem di halaman info/kelompok:\r\n- nambah kelompok ada pilihan mentor\r\n- yg belum ada kelompok ada keterangannya\r\n\r\nkurang:\r\n- ganti mentor\r\n- edit detil kelompok','admin'),(13,'update','2011-08-24 21:26:00','Nambahin pagination di sini.','admin'),(14,'bug','2011-08-24 21:26:00','Paginationnya bermasalah, kalo di halaman 2, yg halaman satunya gak bisa diklik.','admin'),(15,'fixed','2011-08-24 21:28:00','Bug #14\r\n- Konfigurasi pagination uri_string nya lupa diganti','admin'),(16,'update','2011-09-03 10:20:00','Sampai saat ini, yang masih kurang:\r\n<code>data/mentor</code>\r\n1. Tambah mentor : harus tambah baru atau bisa dari data mentee?\r\n2. Priviliges pembinaan/admin terhadap biodata mentor seperti apa?\r\n\r\n<code>data/mentee</code>\r\n1. Tambah mentee : harus langsung masuk suatu kelompok atau bisa kosong dulu? atau tambah mentee di bagian ini gak perlu?\r\n2. Ubah status mentee : emang ada \'Pasif\'? kalo \'Pindah\' artinya di kelompok yg lama udah gak ada lg?\r\n3. Bisnis proses buat yg pindah masih sangat ambigu! kayaknya gak bisa ke-handle di sini, ane bikin yg dasar2 aja di sini.','admin'),(17,'feedback','2011-09-14 03:06:00','di layar 1024x600 netbook 11\" tidak kelihatan tombol \"simpan\" waktu tambah mentee','pembinaan'),(18,'feedback','2011-09-14 03:16:00','1. Tambah mentor : kalau mentornya orangnya belum terdaftar sebagai mentor sebelumnya harus tambah baru\n2. Priviliges pembinaan/admin terhadap biodata mentor: bisa edit\n\ndata/mentee\n1. Tambah mentee : langsung masuk suatu kelompok saja\n2. Ubah status mentee : emang ada \'Pasif\'? \"Pasif\" akan pindah belum dapat kelompok baru dan tidak pernah hadir mentoring lagi, tetap masih terdaftar di kelompok\nkalo \'Pindah\' artinya di kelompok yg lama udah gak ada lg? Iya\n3. Bisnis proses buat yg pindah kalo kayak gini gimana\n\nmentee kelompok #1 sebut saja Mawar bukan nama sebenarnya mau pindah ke kelompok #2, jika:\nkelompok #2 sudah ada maka Mawar pindah dan di kelompok #1 Mawar sudah terhapus dan sekarang Mawar ada di kelompok #2\n\njika kelompok #2 belum terdefinisi status mawar pasif, tetap terdaftar di kelompok #1','pembinaan'),(19,'bug','2011-09-19 14:29:00','Pembinaan tidak bisa membuat kelompok baru, hanya muncul tanda loading\nURL:\nhttp://sibina.co.cc/index.php/info/kelompok\n\nPembinaan tidak bisa menambahkan mentor baru, hanya muncul tanda loading\nURL: http://sibina.co.cc/index.php/info/mentor\n\nOS: Windows 7 Professional\nBrowser: Internet Explorer 9\n         Mozilla Firefox 6.02','pembinaan'),(20,'feedback','2011-10-15 07:45:00','waktu saya login sebagai tim pembinaan dan mau nambahin data mentor, loadingnya lama banget. ga muncul2 kolom isian utk nambahin data mentornya.. \n\ntp waktu mau nambah kelompok + nama mentee, loadingnya cepet..\n\nsekian feedbacknya dan mohon diperbaiki.. :)\nsibinanya keren.. :D','pembinaan'),(21,'bug','2011-10-25 06:39:00','-kelompok tiba- tiba hilang di profil kelompok. tapi nama2 mentee yang semula tergabung di klompok itu masih ada di profil mentee. yg jadi masalah, si mentee tidak bisa diubah status mentornya yang awalnya Yahya Muhammad ke mentor sebenernya\n\n','pembinaan'),(22,'bug','2011-10-25 14:27:00','-Mentor tidak bisa dimasukin jadi mentee (kasus 2010 yang jadi mentor PMB sekaligus mentee A2I)','pembinaan');
/*!40000 ALTER TABLE `change_log` ENABLE KEYS */;
UNLOCK TABLES;

--
-- Table structure for table `has_kelompok`
--

DROP TABLE IF EXISTS `has_kelompok`;
/*!40101 SET @saved_cs_client     = @@character_set_client */;
/*!40101 SET character_set_client = utf8 */;
CREATE TABLE `has_kelompok` (
  `npm` char(10) NOT NULL,
  `kid` char(6) NOT NULL,
  `tgl_bergabung` date NOT NULL,
  `tgl_pindah` date DEFAULT NULL,
  `peran` varchar(15) NOT NULL,
  PRIMARY KEY (`npm`,`kid`,`peran`),
  KEY `kid` (`kid`)
) ENGINE=MyISAM DEFAULT CHARSET=latin1;
/*!40101 SET character_set_client = @saved_cs_client */;

--
-- Dumping data for table `has_kelompok`
--

LOCK TABLES `has_kelompok` WRITE;
/*!40000 ALTER TABLE `has_kelompok` DISABLE KEYS */;
INSERT INTO `has_kelompok` (`npm`, `kid`, `tgl_bergabung`, `tgl_pindah`, `peran`) VALUES ('0000000001','coba01','2011-06-17','2011-06-17','mentor'),('0000000001','coba02','2011-06-16','2011-06-16','mentor'),('0584796541','coba01','2011-07-17',NULL,'mentee'),('0906510565','test01','2011-08-25',NULL,'mentor'),('0906510565','test02','2011-08-21',NULL,'mentor'),('0909090909','coba01','2011-06-01','2011-06-01','mentee'),('1122334455','coba01','0000-00-00',NULL,'mentee'),('1144114411','coba01','2011-07-06',NULL,'mentee'),('1205895674','UI-001','2011-09-01',NULL,'mentee'),('1234567890','coba02','2011-06-01','2011-06-01','mentee'),('1265987401','test02','2011-08-24',NULL,'menunggu'),('1596964512','UI-001','2011-09-08',NULL,'mentee'),('4455665544','coba02','2011-07-05',NULL,'mentee'),('4455665544','UI-001','2011-09-08',NULL,'mentor'),('5555555555','coba02','2011-07-06',NULL,'mentee'),('7474747474','coba01','2011-06-05',NULL,'mentee'),('8888888888','coba02','2011-07-08',NULL,'mentee'),('9090909090','coba02','2011-06-29',NULL,'menunggu'),('0000000007','01036','2011-09-12',NULL,'mentor'),('0906563634','A1106','2011-10-03',NULL,'mentor'),('1006666305','A1106','2011-10-06',NULL,'mentee'),('1006666343','A1106','2011-10-06',NULL,'mentee'),('1006671141','A1106','2011-10-06',NULL,'mentee'),('1006671293','A1106','2011-10-06',NULL,'mentee'),('1006671381','A1106','2011-10-06',NULL,'mentee'),('1006671646','A1106','2011-10-06',NULL,'mentee'),('1006666753','A1106','2011-10-06',NULL,'mentee'),('1006686212','A1106','2011-10-06',NULL,'mentee'),('1006759901','A1106','2011-10-06',NULL,'mentee'),('1006665971','A1101','2011-10-09',NULL,'mentee'),('1006665990','A1101','2011-10-09',NULL,'mentee'),('1006666135','A1101','2011-10-09',NULL,'mentee'),('1006666236','A1101','2011-10-09',NULL,'mentee'),('1006665933','A1101','2011-10-09',NULL,'mentee'),('1006665946','A1101','2011-10-09',NULL,'mentee'),('1006665984','A1101','2011-10-09',NULL,'mentee'),('1006666141','A1101','2011-10-09',NULL,'mentee'),('1006666330','A1101','2011-10-09',NULL,'mentee'),('1006671766','A1103','2011-10-09',NULL,'mentee'),('1006671904','A1103','2011-10-09',NULL,'mentee'),('1006671942','A1103','2011-10-09',NULL,'mentee'),('1006685626','A1103','2011-10-09',NULL,'mentee'),('1006685853','A1103','2011-10-09',NULL,'mentee'),('1006671740','A1103','2011-10-09',NULL,'mentee'),('1006671910','A1103','2011-10-09',NULL,'mentee'),('1006685670','A1103','2011-10-09',NULL,'mentee'),('1006685746','A1103','2011-10-09',NULL,'mentee'),('1006770690','A1105','2011-10-09',NULL,'mentee'),('1006770734','A1105','2011-10-09',NULL,'mentee'),('1006770772','A1105','2011-10-09',NULL,'mentee'),('1006759712','A1105','2011-10-09',NULL,'mentee'),('1006759782','A1105','2011-10-09',NULL,'mentee'),('1006759813','A1105','2011-10-09',NULL,'mentee'),('1006759845','A1105','2011-10-09',NULL,'mentee'),('1006759864','A1105','2011-10-09',NULL,'mentee'),('1006770785','A1105','2011-10-09',NULL,'mentee'),('1006760821','A1107','2011-10-09',NULL,'mentee'),('1006775735','A1107','2011-10-09',NULL,'mentee'),('1006666412','A1107','2011-10-09',NULL,'mentee'),('1006671173','A1107','2011-10-09',NULL,'mentee'),('1006671375','A1107','2011-10-09',NULL,'mentee'),('1006671444','A1107','2011-10-09',NULL,'mentee'),('1006671633','A1107','2011-10-09',NULL,'mentee'),('1006671690','A1107','2011-10-09',NULL,'mentee'),('1006671923','A1107','2011-10-09',NULL,'mentee'),('1006760651','A1109','2011-10-09',NULL,'mentee'),('1006760746','A1109','2011-10-09',NULL,'mentee'),('1006760765','A1109','2011-10-09',NULL,'mentee'),('1006666040','A1109','2011-10-09',NULL,'mentee'),('1006666091','A1109','2011-10-09',NULL,'mentee'),('1006666204','A1109','2011-10-09',NULL,'mentee'),('1006666721','A1109','2011-10-09',NULL,'mentee'),('1006671513','A1109','2011-10-09',NULL,'mentee'),('1006671785','A1109','2011-10-09',NULL,'mentee'),('1006665952','A1111','2011-10-09',NULL,'mentee'),('1006671601','A1111','2011-10-09',NULL,'mentee'),('1006686042','A1111','2011-10-09',NULL,'mentee'),('1006671753','A1111','2011-10-09',NULL,'mentee'),('1006671116','A1111','2011-10-09',NULL,'mentee'),('1006671860','A1111','2011-10-09',NULL,'mentee'),('1006671955','A1111','2011-10-09',NULL,'mentee'),('1006775640','A1111','2011-10-09',NULL,'mentee'),('1006686143','A1111','2011-10-09',NULL,'mentee'),('1106007104','A0111','2011-10-15',NULL,'mentee'),('1106022175','A0111','2011-10-15',NULL,'mentee'),('1106022010','A0111','2011-10-15',NULL,'mentee'),('1106021172','A0111','2011-10-15',NULL,'mentee'),('1106000161','A0111','2011-10-15',NULL,'mentee'),('1106017603','A0111','2011-10-15',NULL,'mentee'),('1106053703','A0111','2011-10-15',NULL,'mentee'),('1106007483','A0111','2011-10-15',NULL,'mentee'),('1106053672','A0211','2011-10-15',NULL,'mentee'),('1106089003','A0211','2011-10-15',NULL,'mentee'),('1106012003','A0211','2011-10-15',NULL,'mentee'),('1106053501','A0211','2011-10-15',NULL,'mentee'),('1106017042','A0211','2011-10-15',NULL,'mentee'),('1106023190','A0211','2011-10-15',NULL,'mentee'),('1106018985','A0211','2011-10-15',NULL,'mentee'),('1106088953','A0211','2011-10-15',NULL,'mentee'),('1106008372','A0211','2011-10-15',NULL,'mentee'),('1106014601','A0311','2011-10-15',NULL,'mentee'),('1106015232','A0311','2011-10-15',NULL,'mentee'),('1106012243','A0311','2011-10-15',NULL,'mentee'),('1106020876','A0311','2011-10-15',NULL,'mentee'),('1106004310','A0311','2011-10-15',NULL,'mentee'),('1106011764','A0311','2011-10-15',NULL,'mentee'),('1106000924','A0311','2011-10-15',NULL,'mentee'),('1106053590','A0311','2011-10-15',NULL,'mentee'),('1106054826','A0411','2011-10-15',NULL,'mentee'),('1106015554','A0411','2011-10-15',NULL,'mentee'),('1106013201','A0411','2011-10-15',NULL,'mentee'),('1106054952','A0411','2011-10-15',NULL,'mentee'),('1106020245','A0411','2011-10-15',NULL,'mentee'),('1106054933','A0411','2011-10-15',NULL,'mentee'),('1106018663','A0411','2011-10-15',NULL,'mentee'),('1106013750','A0411','2011-10-15',NULL,'mentee'),('1106014551','A0511','2011-10-15',NULL,'mentee'),('1106009513','A0511','2011-10-15',NULL,'mentee'),('1106011783','A0511','2011-10-15',NULL,'mentee'),('1106054864','A0511','2011-10-15',NULL,'mentee'),('1106013946','A0511','2011-10-15',NULL,'mentee'),('1106007893','A0511','2011-10-15',NULL,'mentee'),('1106019893','A0511','2011-10-15',NULL,'mentee'),('1106054800','A0511','2011-10-15',NULL,'mentee'),('1106088505','A0611','2011-10-15',NULL,'mentee'),('1106016241','A0611','2011-10-15',NULL,'mentee'),('1106088594','A0611','2011-10-15',NULL,'mentee'),('1106011676','A0611','2011-10-15',NULL,'mentee'),('1106015030','A0611','2011-10-15',NULL,'mentee'),('1106088096','A0611','2011-10-15',NULL,'mentee'),('1106005761','A0611','2011-10-15',NULL,'mentee'),('1106005736','A0611','2011-10-15',NULL,'mentee'),('1106088474','A0611','2011-10-15',NULL,'mentee'),('1106088581','A0711','2011-10-15',NULL,'mentee'),('1106001800','A0711','2011-10-15',NULL,'mentee'),('1106014545','A0711','2011-10-15',NULL,'mentee'),('1106021525','A0711','2011-10-15',NULL,'mentee'),('1106001126','A0711','2011-10-15',NULL,'mentee'),('1006005805','A0711','2011-10-15',NULL,'mentee'),('1106009091','A0711','2011-10-15',NULL,'mentee'),('1106010420','A0711','2011-10-15',NULL,'mentee'),('1106087843','A0711','2011-10-15',NULL,'mentee'),('1106088783','A0811','2011-10-15',NULL,'mentee'),('1106088202','A0811','2011-10-15',NULL,'mentee'),('1106088612','A0811','2011-10-15',NULL,'mentee'),('1106088215','A0811','2011-10-15',NULL,'mentee'),('1106088890','A0811','2011-10-15',NULL,'mentee'),('1106088529','A0811','2011-10-15',NULL,'mentee'),('1106088530','A0811','2011-10-15',NULL,'mentee'),('1106088032','A0811','2011-10-15',NULL,'mentee'),('1106017282','A0911','2011-10-15',NULL,'mentee'),('1106001901','A0911','2011-10-15',NULL,'mentee'),('1106022603','A0911','2011-10-15',NULL,'mentee'),('1106014740','A0911','2011-10-15',NULL,'mentee'),('1106007855','A0911','2011-10-15',NULL,'mentee'),('1106002204','A1011','2011-10-15',NULL,'mentee'),('1106022654','A1011','2011-10-15',NULL,'mentee'),('1106013340','A1011','2011-10-15',NULL,'mentee'),('1106015964','A1011','2011-10-15',NULL,'mentee'),('1106013126','A1011','2011-10-15',NULL,'mentee'),('1106017925','A0A11','2011-10-15',NULL,'mentee'),('1106054965','A0A11','2011-10-15',NULL,'mentee'),('1106054914','A0A11','2011-10-15',NULL,'mentee'),('1106012703','A0A11','2011-10-15',NULL,'mentee'),('1106007621','A0A11','2011-10-15',NULL,'mentee'),('1106014116','A0A11','2011-10-15',NULL,'mentee'),('1106022244','A0A11','2011-10-15',NULL,'mentee'),('1006666715','A1102','2011-10-16',NULL,'mentee'),('0806472906','A1112','2011-10-16',NULL,'mentee'),('0906552385','A1112','2011-10-16',NULL,'mentee'),('0906552416','A1112','2011-10-16',NULL,'mentee'),('0906552422','A1112','2011-10-16',NULL,'mentee'),('0906552441','A1112','2011-10-16',NULL,'mentee'),('0906552454','A1112','2011-10-16',NULL,'mentee'),('0906552486','A1112','2011-10-16',NULL,'mentee'),('0906552523','A1112','2011-10-16',NULL,'mentee'),('0906552536','A1112','2011-10-16',NULL,'mentee'),('0806339471','A1112','2011-10-16',NULL,'mentor'),('1006671066','A1102','2011-10-16',NULL,'pindah'),('1006671085','A1102','2011-10-16',NULL,'mentee'),('1006671425','A1102','2011-10-16',NULL,'mentee'),('1006671564','A1102','2011-10-16',NULL,'mentee'),('1006666394','A1102','2011-10-16',NULL,'mentee'),('1006671103','A1102','2011-10-16',NULL,'mentee'),('1006671204','A1102','2011-10-16',NULL,'mentee'),('1006671476','A1102','2011-10-16',NULL,'mentee'),('1234567888','A1106','2011-10-16',NULL,'menunggu'),('1006686124','A1104','2011-10-17',NULL,'mentee'),('1006686282','A1104','2011-10-17',NULL,'mentee'),('1006732061','A1104','2011-10-17',NULL,'mentee'),('1006759681','A1104','2011-10-17',NULL,'mentee'),('1006760664','A1104','2011-10-17',NULL,'mentee'),('1006685840','A1104','2011-10-17',NULL,'mentee'),('1006685891','A1104','2011-10-17',NULL,'mentee'),('1006686130','A1104','2011-10-17',NULL,'mentee'),('1006756585','A1104','2011-10-17',NULL,'mentee'),('1006685563','A1108','2011-10-17',NULL,'mentee'),('1006685683','A1108','2011-10-17',NULL,'mentee'),('1006685701','A1108','2011-10-17',NULL,'mentee'),('1006685752','A1108','2011-10-17',NULL,'mentee'),('1006685765','A1108','2011-10-17',NULL,'mentee'),('1006685790','A1108','2011-10-17',NULL,'mentee'),('1006686055','A1108','2011-10-17',NULL,'mentee'),('1006686061','A1108','2011-10-17',NULL,'mentee'),('1006759656','A1108','2011-10-17',NULL,'mentee'),('1006759832','A1108','2011-10-17',NULL,'mentee'),('1006760790','A1110','2011-10-17',NULL,'mentee'),('1006775666','A1110','2011-10-17',NULL,'mentee'),('0000000000','A1110','2011-10-17',NULL,'mentee'),('1006685582','A1110','2011-10-17',NULL,'mentee'),('1006685595','A1110','2011-10-17',NULL,'mentee'),('1006685696','A1110','2011-10-17',NULL,'mentee'),('1006686181','A1110','2011-10-17',NULL,'mentee'),('1006686206','A1110','2011-10-17',NULL,'mentee'),('1006760683','A1110','2011-10-17',NULL,'mentee'),('1006760840','A1110','2011-10-17',NULL,'mentee'),('1006686276','A0611','2011-10-25',NULL,'mentor'),('0806316322','A0211','2011-10-25',NULL,'mentor'),('0806335050','A0311','2011-10-25',NULL,'mentor'),('1006775691','A0411','2011-10-25',NULL,'mentor'),('1006685576','A0511','2011-10-25',NULL,'mentor'),('0906563842','A0711','2011-10-25',NULL,'mentor'),('0906562902','A0811','2011-10-25',NULL,'mentor'),('0806316316','A0911','2011-10-25',NULL,'mentor'),('1006775672','A0A11','2011-10-25',NULL,'mentor'),('0806334691','A1A11','2011-08-15',NULL,'mentor'),('0806334691','A0110','2011-09-29',NULL,'mentor'),('1006685815','A0110','2011-10-25',NULL,'mentee'),('1006666002','A0110','2011-10-25',NULL,'mentee'),('1006686023','A0110','2011-10-25',NULL,'mentee'),('1006666381','A0110','2011-10-25',NULL,'mentee'),('1006760853','A0110','2011-10-25',NULL,'mentee'),('1006671961','A0110','2011-10-25',NULL,'mentee'),('1006666160','A0110','2011-10-25',NULL,'mentee'),('0806335050','A0210','2011-09-29',NULL,'mentor'),('1006666261','A0210','2011-10-25',NULL,'mentee'),('1006666280','A0210','2011-10-25',NULL,'mentee'),('1006760784','A0210','2011-10-25',NULL,'mentee'),('1006666293','A0210','2011-10-25',NULL,'mentee'),('1006671551','A0210','2011-10-25',NULL,'mentee'),('1006672030','A0210','2011-10-25',NULL,'mentee'),('1006770791','A0210','2011-10-25',NULL,'mentee'),('0806316316','A0310','2011-09-29',NULL,'mentor'),('1006770715','A0310','2011-10-25',NULL,'mentee'),('1006685714','A0310','2011-10-25',NULL,'mentee'),('1006671816','A0310','2011-10-25',NULL,'mentee'),('1006666375','A0310','2011-10-25',NULL,'mentee'),('1006671974','A0310','2011-10-25',NULL,'mentee'),('1006666186','A0310','2011-10-25',NULL,'mentee'),('0906563634','P1106','2011-10-25',NULL,'mentor'),('0906518170','A0410','2011-09-29',NULL,'mentor'),('1006685613','A0410','2011-10-25',NULL,'mentee'),('1006760701','A0410','2011-10-25',NULL,'mentee'),('1006685872','A0410','2011-10-25',NULL,'mentee'),('1006685960','A0410','2011-10-25',NULL,'mentee'),('1006666324','A0410','2011-10-25',NULL,'mentee'),('1006666192','A0410','2011-10-25',NULL,'mentee'),('0906492991','A0510','2011-09-29',NULL,'mentor'),('1006685834','A0510','2011-10-25',NULL,'mentee'),('1006666311','A0510','2011-10-25',NULL,'mentee'),('1006775716','A0510','2011-10-25',NULL,'mentee'),('1006666103','A0510','2011-10-25',NULL,'mentee'),('1006770753','A0510','2011-10-25',NULL,'mentee'),('1006671803','A0510','2011-10-25',NULL,'mentee'),('1006775722','A0510','2011-10-25',NULL,'mentee'),('0806339673','A0610','2011-10-25',NULL,'mentor'),('1006671192','A0610','2011-10-25',NULL,'mentee'),('1006759706','A0610','2011-10-25',NULL,'mentee'),('1006760771','A0610','2011-10-25',NULL,'mentee'),('1006666066','A0610','2011-10-25',NULL,'mentee'),('1006686250','A0610','2011-10-25',NULL,'mentee'),('1006666406','A0610','2011-10-25',NULL,'mentee'),('0906493155','A0710','2011-09-29',NULL,'mentor'),('1006666242','A0710','2011-10-25',NULL,'mentee'),('1006671362','A0710','2011-10-25',NULL,'mentee'),('1006671431','A0710','2011-10-25',NULL,'mentee'),('1006685973','A0710','2011-10-25',NULL,'mentee'),('1006666362','A0710','2011-10-25',NULL,'mentee'),('1006666116','A0710','2011-10-25',NULL,'mentee'),('1006666173','A0710','2011-10-25',NULL,'mentee'),('0806316322','A0810','2011-09-29',NULL,'mentor'),('0906552372','A0810','2011-10-25',NULL,'mentee'),('0906552473','A0810','2011-10-25',NULL,'mentee'),('0906552492','A0810','2011-10-25',NULL,'mentee'),('0906552510','A0810','2011-10-25',NULL,'mentee'),('0906646050','A0810','2011-10-25',NULL,'mentee'),('0806334691','A0111','2011-10-25',NULL,'mentor'),('1106053533','I0111','2011-10-25',NULL,'mentee'),('1106053571','I0111','2011-10-25',NULL,'mentee'),('1106087622','I0111','2011-10-25',NULL,'mentee'),('1106053666','I0111','2011-10-25',NULL,'mentee'),('1106087686','I0111','2011-10-25',NULL,'mentee'),('1106087660','I0111','2011-10-25',NULL,'mentee'),('1106087433','I0111','2011-10-25',NULL,'mentee'),('1106053653','I0111','2011-10-25',NULL,'mentee'),('1106053691','I0111','2011-10-25',NULL,'mentee'),('1106087692','I0111','2011-10-25',NULL,'mentee'),('1106087540','I0211','2011-10-25',NULL,'mentee'),('1106087515','I0211','2011-10-25',NULL,'mentee'),('1106087673','I0211','2011-10-25',NULL,'mentee'),('1106053483','I0211','2011-10-25',NULL,'mentee'),('1106053685','I0211','2011-10-25',NULL,'mentee'),('1106053602','I0211','2011-10-25',NULL,'mentee'),('1106087591','I0211','2011-10-25',NULL,'mentee'),('1106087654','I0211','2011-10-25',NULL,'mentee'),('1106087635','I0211','2011-10-25',NULL,'mentee'),('1106087585','I0211','2011-10-25',NULL,'mentee'),('1106014766','I0311','2011-10-25',NULL,'mentee'),('1106053470','I0311','2011-10-25',NULL,'mentee'),('1106087641','I0311','2011-10-25',NULL,'mentee'),('1106053464','I0311','2011-10-25',NULL,'mentee'),('1106021260','I0311','2011-10-25',NULL,'mentee'),('1106020056','I0311','2011-10-25',NULL,'mentee'),('1106004153','I0311','2011-10-25',NULL,'mentee'),('1106022862','I0311','2011-10-25',NULL,'mentee'),('1106020812','I0311','2011-10-25',NULL,'mentee'),('1106053552','I0311','2011-10-25',NULL,'mentee'),('1106053546','I0411','2011-10-25',NULL,'mentee'),('1106016720','I0411','2011-10-25',NULL,'mentee'),('1106011442','I0411','2011-10-25',NULL,'mentee'),('1006000224','I0411','2011-10-25',NULL,'mentee'),('1106000874','I0411','2011-10-25',NULL,'mentee'),('1106006991','I0411','2011-10-25',NULL,'mentee'),('1106002021','I0411','2011-10-25',NULL,'mentee'),('1106053584','I0411','2011-10-25',NULL,'mentee'),('4455665544','I0511','2011-08-15',NULL,'mentor'),('1106007754','I0511','2011-10-25',NULL,'mentee'),('1106002330','I0511','2011-10-25',NULL,'mentee'),('1106000451','I0511','2011-10-25',NULL,'mentee'),('1106015112','I0511','2011-10-25',NULL,'mentee'),('1106019975','I0511','2011-10-25',NULL,'mentee'),('1106017080','I0511','2011-10-25',NULL,'mentee'),('1106020176','I0511','2011-10-25',NULL,'mentee'),('1106087566','I0611','2011-10-25',NULL,'mentee'),('1106004815','I0611','2011-10-25',NULL,'mentee'),('1106005673','I0611','2011-10-25',NULL,'mentee'),('1106019590','I0611','2011-10-25',NULL,'mentee'),('1106010912','I0611','2011-10-25',NULL,'mentee'),('1106087811','I0711','2011-10-28',NULL,'mentee'),('1106087805','I0711','2011-10-28',NULL,'mentee'),('1106087894','I0711','2011-10-28',NULL,'mentee'),('1106087830','I0711','2011-10-28',NULL,'mentee'),('1106055002','I0711','2011-10-28',NULL,'mentee'),('1106087875','I0711','2011-10-28',NULL,'mentee'),('1106087723','I0711','2011-10-28',NULL,'mentee'),('1106087881','I0711','2011-10-28',NULL,'mentee'),('1106087793','I0811','2011-10-28',NULL,'mentee'),('1106087824','I0811','2011-10-28',NULL,'mentee'),('1106087736','I0811','2011-10-28',NULL,'mentee'),('1106087761','I0811','2011-10-28',NULL,'mentee'),('1106054920','I0811','2011-10-28',NULL,'mentee'),('1106087856','I0811','2011-10-28',NULL,'mentee'),('1106054946','I0811','2011-10-28',NULL,'mentee'),('1106054901','I0811','2011-10-28',NULL,'mentee'),('1106054870','I0811','2011-10-28',NULL,'mentee'),('1106000205','I0911','2011-10-29',NULL,'mentee'),('1106017212','I0911','2011-10-29',NULL,'mentee'),('1106023133','I0911','2011-10-29',NULL,'mentee'),('1106014620','I0911','2011-10-29',NULL,'mentee'),('1106009955','I0911','2011-10-29',NULL,'mentee'),('1106019022','I0911','2011-10-29',NULL,'mentee'),('1106013870','I0911','2011-10-29',NULL,'mentee'),('1106019104','I0911','2011-10-29',NULL,'mentee'),('1106017591','I1011','2011-10-29',NULL,'mentee'),('1106008605','I1011','2011-10-29',NULL,'mentee'),('1106088510','I1011','2011-10-29',NULL,'mentee'),('1106054984','I1011','2011-10-29',NULL,'mentee'),('1106054851','I1011','2011-10-29',NULL,'mentee'),('1106087982','I1011','2011-10-29',NULL,'mentee'),('1106000155','I1011','2011-10-29',NULL,'mentee'),('1106003522','I1111','2011-10-29',NULL,'mentee'),('1106016001','I1111','2011-10-29',NULL,'mentee'),('1106022780','I1111','2011-11-07',NULL,'mentee'),('1106011266','I1111','2011-11-07',NULL,'mentee'),('1111111111','I1111','2011-11-07',NULL,'mentee'),('1106023171','I1112','2011-11-07',NULL,'mentee'),('1106021752','I1112','2011-11-07',NULL,'mentee'),('1106010130','I1112','2011-11-07',NULL,'mentee'),('1106000400','I1112','2011-11-07',NULL,'mentee'),('1106054813','I1113','2011-11-07',NULL,'mentee'),('1106014526','I1113','2011-11-07',NULL,'mentee'),('1106011184','I1113','2011-11-07',NULL,'mentee'),('1106014854','I1113','2011-11-07',NULL,'mentee'),('1106020604','I1113','2011-11-07',NULL,'mentee'),('1106004670','I1113','2011-11-07',NULL,'mentee'),('1106020882','A0A11','2011-11-07',NULL,'menunggu'),('0123456789','RAMA','2011-11-17',NULL,'mentee'),('0806334956','A1011','2011-11-20',NULL,'mentor'),('1006685576','yhyman','2012-01-16',NULL,'mentor');
/*!40000 ALTER TABLE `has_kelompok` ENABLE KEYS */;
UNLOCK TABLES;

--
-- Table structure for table `kegiatan_mentor`
--

DROP TABLE IF EXISTS `kegiatan_mentor`;
/*!40101 SET @saved_cs_client     = @@character_set_client */;
/*!40101 SET character_set_client = utf8 */;
CREATE TABLE `kegiatan_mentor` (
  `id` char(6) NOT NULL,
  `jenis` varchar(20) NOT NULL,
  `tempat` varchar(30) NOT NULL,
  `tanggal` date NOT NULL,
  `absen` longtext NOT NULL,
  `deskripsi` longtext NOT NULL,
  PRIMARY KEY (`id`)
) ENGINE=MyISAM DEFAULT CHARSET=latin1;
/*!40101 SET character_set_client = @saved_cs_client */;

--
-- Dumping data for table `kegiatan_mentor`
--

LOCK TABLES `kegiatan_mentor` WRITE;
/*!40000 ALTER TABLE `kegiatan_mentor` DISABLE KEYS */;
INSERT INTO `kegiatan_mentor` (`id`, `jenis`, `tempat`, `tanggal`, `absen`, `deskripsi`) VALUES ('km-1','Kerja Bakti','Depok','2011-07-02','Jundi Baik Semangat,Tommi Satyo,Pulung Ragil Lanang','Melakukan kerja bakti dengan warga sekitar membersihkan kali yg lewat depok.'),('km-2','Nginep','Barel','2011-06-28','Nazar Udin Samsudin,Jundi Baik Semangat,Tommi Satyo,Pulung Ragil Lanang','Bermalam bersama, meningkatkan ukhuwah.');
/*!40000 ALTER TABLE `kegiatan_mentor` ENABLE KEYS */;
UNLOCK TABLES;

--
-- Table structure for table `kelompok`
--

DROP TABLE IF EXISTS `kelompok`;
/*!40101 SET @saved_cs_client     = @@character_set_client */;
/*!40101 SET character_set_client = utf8 */;
CREATE TABLE `kelompok` (
  `id` char(6) NOT NULL,
  `tgl_terbentuk` date NOT NULL,
  PRIMARY KEY (`id`)
) ENGINE=MyISAM DEFAULT CHARSET=latin1;
/*!40101 SET character_set_client = @saved_cs_client */;

--
-- Dumping data for table `kelompok`
--

LOCK TABLES `kelompok` WRITE;
/*!40000 ALTER TABLE `kelompok` DISABLE KEYS */;
INSERT INTO `kelompok` (`id`, `tgl_terbentuk`) VALUES ('A1101','2011-06-01'),('A1103','2011-06-02'),('A1105','2011-08-24'),('A1107','2011-08-20'),('A1109','2011-08-28'),('A1111','2011-09-12'),('-----','2011-09-21'),('------','2011-10-04'),('a2324','2011-10-04'),('A1106','2011-10-03'),('A0111','2011-08-15'),('A0211','2011-08-15'),('A0311','2011-08-15'),('A0411','2011-08-15'),('A0511','2011-08-15'),('A0611','2011-08-15'),('A0711','2011-08-15'),('A0811','2011-08-15'),('A0911','2011-08-15'),('A1011','2011-08-15'),('A0A11','2011-08-15'),('A1102','2011-06-02'),('A1112','2011-09-01'),('A1104','2011-10-03'),('A1108','2011-10-03'),('A1110','2011-10-03'),('A1A11','2011-08-15'),('A0110','2011-09-29'),('A0210','2011-09-29'),('A0310','2011-09-29'),('A0410','2011-09-29'),('A0510','2011-09-29'),('A0610','2011-09-29'),('A0710','2011-09-29'),('A0810','2011-09-29'),('I0111','2011-08-15'),('I0211','2011-08-15'),('I0311','2011-08-15'),('I0411','2011-08-15'),('I0511','2011-08-15'),('I0611','2011-08-15'),('I0711','2011-10-29'),('I0811','2011-10-29'),('I0911','2011-10-29'),('I1011','2011-10-29'),('I1111','2011-10-29'),('I1211','2011-11-07'),('I1113','2011-11-07'),('I1411','2011-11-08'),('yhyman','2012-01-16');
/*!40000 ALTER TABLE `kelompok` ENABLE KEYS */;
UNLOCK TABLES;

--
-- Table structure for table `log_mentoring`
--

DROP TABLE IF EXISTS `log_mentoring`;
/*!40101 SET @saved_cs_client     = @@character_set_client */;
/*!40101 SET character_set_client = utf8 */;
CREATE TABLE `log_mentoring` (
  `id` char(10) NOT NULL,
  `absen` longtext NOT NULL,
  `deskripsi` longtext NOT NULL,
  `keterangan` longtext NOT NULL,
  `waktu` datetime NOT NULL,
  `tempat` mediumtext NOT NULL,
  `materi` mediumtext NOT NULL,
  `kid` char(6) NOT NULL,
  PRIMARY KEY (`id`,`kid`),
  KEY `kid` (`kid`)
) ENGINE=MyISAM DEFAULT CHARSET=latin1;
/*!40101 SET character_set_client = @saved_cs_client */;

--
-- Dumping data for table `log_mentoring`
--

LOCK TABLES `log_mentoring` WRITE;
/*!40000 ALTER TABLE `log_mentoring` DISABLE KEYS */;
INSERT INTO `log_mentoring` (`id`, `absen`, `deskripsi`, `keterangan`, `waktu`, `tempat`, `materi`, `kid`) VALUES ('coba01-1','Nazar Udin Samsudin,Jundi Baik Semangat','materinya ttg ada deh','ada deh pokoknya..','2011-07-01 19:00:00','rumah aye','ma\'rifat lah pokoknya','coba01'),('coba01-2','Nazar Samsudin,Jundi Semangat','risalah pergerakan IM','antusiasme tinggi','2011-07-03 21:47:00','Mana aja boleh','Pergerakan','coba01'),('coba01-3','Jundi Semangat','Bagaimana hidup bertoleransi tapi tetap mempertahankan prinsip dan akidah.','sambil makan siang di foodcourtnya. :D','2011-07-09 13:00:00','Detos','Toleransi','coba01'),('coba01-4','Nazar Udin Samsudin,Jundi Baik Semangat','zakat fitrah dan mal','berzakat','2011-08-13 14:06:00','mushola','zakat','coba01'),('coba02-1','Tommi Satyo','ini contoh deskripsi','kalo yang ini namanya keterangan','2011-07-01 13:13:00','contoh tempat','Contoh materi','coba02'),('coba02-2','Pulung Lanang','Uji nyali malem-malem di pinggir danau UI.','alhamdulillah berjalan lancar :D','2011-07-03 22:00:00','Pinggir danau','Akidah','coba02'),('coba02-3','Tommi Satyo,Pulung Ragil Lanang,Andika Syaban','self motivation','lancar','2011-07-08 14:09:00','Rumahku','Motivasi','coba02'),('coba02-4','Tommi Satyo,Pulung Ragil Lanang','keutamaan bulan ramadhan','bagus','2011-08-12 14:03:00','depok','ramadhan','coba02'),('A0110-1','Firlia Sandyta,Reishita Indardhati,Rizky Amalia Kurnia,Shanti Nur Oktavia,Silvia Irma Wahyuni','Mentoring kali ini hanya sebentar. Diisi dengan muqoddimah mengenai pentingnya baca Qur’an, kesalahan yang sering terjadi, keutamaan baca Qur’an dll. Lalu penjelasan tentang apa itu A2I, silabus yang akan disampaikan, UTS, UAS dan komponen penilaian. Setelah nentuin waktu rutin yang cukup sulit, akhirnya disepakati mentoringnya tiap Kamis jam 08.00 – 09.00 WIB..','Absen yang tidak hadir:\n1. Dyah => tanpa kabar\n2. Mira => ga ngampus karna ga ada kuliah','2011-10-07 12:13:00','Mushalla Al-Khawarijmi','Muqoddimah A2I','A0110'),('A0110-2','Firlia Sandyta,Reishita Indardhati,Rizky Amalia Kurnia,Shanti Nur Oktavia,Silvia Irma Wahyuni','Alhamdulillah A2I kemarin berjalan lancar, menteenya juga pada semangat. Waktu rutin A2I disepakati setiap hari Kamis selama satu jam dari jam 08.00-09.00 WIB.\nMasih ada satu mentee yang agak susah untuk diajak. Tp InsyaAllah akan saya bujuk terus biar bisa dateng..','Waktu: 08.14 -09.10 (56 menit)','2011-10-13 08:14:00','Mushalla Al-Khawarijmi','Makhraj dari huruf- huruf izhar','A0110'),('A0110-3','Firlia Sandyta,Reishita Indardhati,Rizky Amalia Kurnia,Shanti Nur Oktavia,Silvia Irma Wahyuni','Alhamdulillah A2I hari ini berjalan lancar. Minggu ini waktu mentoringnya agak beda dari waktu rutin karena ada mentee yang mengikuti kelas tambahan StatProb dijadwal rutin yang seharusnya.','Waktu: 12.35 - 13.15 (40 menit)','2011-10-20 12:35:00','Lantai 5','Makhraj Lidah','A0110'),('A0710-1','Aldyra Dhien Swavira,Farah Shafira Effendi,Nila Sukmawati,Tyara Tri Adistie','Metode penyampaian materi/kegiatan yang dijalankan   :\n1. Memberikan motivasi untuk belajar membaca Al-Qur’an\n2. Membacakan ayat-ayat Al-Qur’an atau hadist yang berkaitan dengan materi\n3. Memberikan contoh dalam kehidupan nyata\n\nAsistensi dimulai dengan makan oreo ?\nTrus tiba-tiba ada yang dateng buat curhat, jadi sesi curhat dulu, hehe\nLalu pembukaan dan tilawah..\nSetelah itu pemberian motivasi untuk belajar mengaji dan peraturan dalam asistensi..\nTerakhir penutupan..','Waktu : 12.00 - 12.40 (40 menit)\nMentee : Elsa, Letta, Karin => tanpa kabar','2011-10-14 12:00:00','Sekre','Muqoddimah A2I','A0710'),('A0710-2','Aldyra Dhien Swavira,Elsa Anggraini Darwin,Farah Shafira Effendi,Lunetta Arifia,Nila Sukmawati,Tyara Tri Adistie','Metode penyampaian materi/kegiatan yang dijalankan   :\n1. Memberikan motivasi untuk belajar membaca Al-Qur’an\n2. Membacakan ayat-ayat Al-Qur’an atau hadist yang berkaitan dengan materi\n3. Memberikan contoh dalam pelafalan huruf\n\nAsistensi dimulai dengan tilawah\nSetelah itu pemberian motivasi untuk belajar mengaji dan materi\nTerakhir penutupan..','Waktu: 12.20 - 13.00 (40 menit)\nMentee: Karin => check up ke RS','2011-10-21 12:20:00','Sekre','Makhroj huruf (izhar)','A0710'),('A0510-1','Gaby Nova Shintya,Lika Lindyasari,Nurlaili Fajriyah,Niken Fitria Apriani,Niken Paramita,Nisrina Luthfiyati,Rahma Islami Lukitasari','Metode penyampaian materi/kegiatan yang dijalankan   :\n1. Pembukaan & perkenalan\n2. Penjelasan A2I\n3. Penutup','Waktu: 12.30 - 12.55 (25 menit)','2011-10-07 12:30:00','Sekre','Muqoddimah A2I','A0510'),('A0510-2','Gaby Nova Shintya,Lika Lindyasari,Nurlaili Fajriyah,Niken Paramita,Nisrina Luthfiyati','Metode penyampaian materi/kegiatan yang dijalankan   :\n1. Pembukaan \n2. Materi \n3. Penutup','Waktu: 12.45-13.10 (25 menit)\nMentee: Rahma => rapat BEM\n        Niken F => GEMASTIK','2011-10-13 12:45:00','Mushalla Al-Khawarijmi','Huruf rongga mulut dan rongga tenggorokan terbuka, huruf tenggorokan','A0510'),('A0510-3','Gaby Nova Shintya,Lika Lindyasari,Nurlaili Fajriyah,Niken Fitria Apriani,Niken Paramita,Nisrina Luthfiyati,Rahma Islami Lukitasari','Metode penyampaian materi/kegiatan yang dijalankan   :\n1. Pembukaan \n2. Materi \n3. Penutup','Waktu : 12.30 - 13.10 (40 menit)','2011-10-21 12:30:00','Mushalla Al-Khawarijmi','Huruf lidah: qof, kaf, ja, sya, ya','A0510'),('A0410-1','Ajeng Anugrah Lestari,Hanifa Shoffani Alina','Metode penyampaian materi/kegiatan yang dijalankan   :\n1. Pembukaan\n2. Penjelasan ttg A2I soalnya mereka nggak dapat sosialisasi\n3. penjelasan sedikit materi sesuai silabus','Waktu: 11.30 - 12.00 (30 menit)\nMentee: Koi => salah nomor\n        Minami => ga ngampus karna ga ada kelas\n        Wija => sakit\n        Astri => salah nomor','2011-10-07 11:30:00','Mushalla Al-Khawarijmi','Muqoddimah A2I','A0410'),('A0410-2','Ajeng Anugrah Lestari,Hanifa Shoffani Alina,Minami Yama Cahyani,Wija Achyana','Metode penyampaian materi/kegiatan yang dijalankan   :\n1. Pembukaan\n2. Penjelasan materi sesuai silabus \n\nA2I dimulai dengan pembukaan dan tilawah Qur’an. Lalu langsung saya beri materi pengucapan huruf hamzah-ha. Setelah itu langsung ditutup. A2I tadi benar2 ngebut soalnya mentee2ku pada telat kecuali ajeng sama olin, trus jam 1 juga ada kelas','Waktu : 12.30-12.50 (20 menit)\nMentee: Koi => sakit\n        Astri => mempersiapkan seminar public speaking','2011-10-15 12:30:00','Sekre','Pengucapan huruf hamzah-ha','A0410'),('A0410-3','Ajeng Anugrah Lestari,Astri Erviana,Hanifa Shoffani Alina,Minami Yama Cahyani,Wija Achyana','Metode penyampaian materi/kegiatan yang dijalankan   :\n1. Pembukaan\n2. penjelasan  materi sesuai silabus \n\nA2I dimulai dengan pembukaan dan tilawah Qur’an. Setelah dibuka, saya me-review materi pekan lalu. Lalu langsung saya beri materi pengucapan huruf kho-dzo. Setelah itu langsung ditutup.','Waktu : +/- 12.15-12.45 (30 menit)\nMentee: Koi => sakit','2011-10-21 12:15:00','Sekre','Pengucapan huruf kho-dzo','A0410'),('A0811-1','Anisa Fatkhuriani,Annisaa Fitri Shabrina,Astri Purwadhanty,Nurfitriana Haryantie,Rani Khairunnisa,Rizky Wijayanti,Teresa ','Metode penyampaian materi/kegiatan yang dijalankan   :\n1.Cerita dan diskusi\n\nMentoring pertemuan pertama kali ini, hanya sebatas perkenalan saja. Dan mencari hari untuk mentoring','Lama pertemuan : 30 menit, pukul 12.30 – 13.00\n\nMentee: Alia => belum masuk kelompok\n        Pinkivy -> ada acara tp ga ngasi kabar (tau dari temennya)','2011-09-16 12:30:00','Mushalla Al-Khawarijmi','Perkenalan','A0811'),('A0811-2','Anisa Fatkhuriani,Annisaa Fitri Shabrina,Astri Purwadhanty,Nurfitriana Haryantie,Rani Khairunnisa,Rizky Wijayanti,Teresa ','Metode penyampaian materi/kegiatan yang dijalankan   :\n1. Cerita dan diskusi\n2. Melalui al-Qur’an\n3. Kejadian nyata \n4. Motivasi\n5. Games','Lama pertemuan : 60 menit, pukul 13.00 – 14.00\nMentee: Fatimah => ada acara\n        Pinkivy => tanpa kabar','2011-09-22 13:00:00','Gedung C','Ma\'rifatullah','A0811'),('A0811-3','Anisa Fatkhuriani,Annisaa Fitri Shabrina,Astri Purwadhanty,Rani Khairunnisa,Rizky Wijayanti','Metode penyampaian materi/kegiatan yang dijalankan   :\n1.Cerita dan diskusi\n2.Membaca hadist-hadist\n3.Tanya jawab\n\nMentoringnya hanya sebentar, karena banyak tugas mingguan waktu itu.','Lama pertemuan : 30 menit, pukul 12.30 – 13.00\nMentee: Fatimah => tanpa kabar\n        Nurfitriana => nari\n        Pinkivy => nari (ga izin)\n        Teresa => sakit','2011-09-30 12:30:00','Sekre','Keutamaan sholat Qiyamul Lail','A0811'),('A0811-4','Anisa Fatkhuriani,Annisaa Fitri Shabrina,Pinkyvi Tiffany W,Rani Khairunnisa,Rizky Wijayanti,Teresa ','Metode penyampaian materi/kegiatan yang dijalankan   :\n1. Cerita dan diskusi\n2. Membacakan ayat-ayat alqur’an dan hadist\n3. Menceritakan kejadian-kejadian alam','Lama pertemuan :  pukul 13.00 – 14.15 (75 menit)\nMentee: Fatimah => lupa datang ap ga\n        Teresa => lupa datang ap ga\n        Danty => ngerjain tugas\n        Nurfitriana => tanpa kabar','2011-10-07 13:00:00','Sekre','Tauhidullah','A0811'),('A0811-5','Anisa Fatkhuriani,Annisaa Fitri Shabrina,Astri Purwadhanty,Nurfitriana Haryantie,Rani Khairunnisa,Rizky Wijayanti,Teresa ','Metode penyampaian materi/kegiatan yang dijalankan   :\n1. Cerita dan diskusi\n2. Dengan al-qur’an\n3. Sambil ngemil\n\nLancar, banyak diskusi. Sering OOT','Lama pertemuan : 60 menit, pukul 13.00 – 14.00 lebih\nMentee: Pinkivy => izin mentoring PMB','2011-10-10 13:00:00','Sekre','Syirik','A0811'),('A0911-1','Dhisa Valentina,Fauziah Rahmawati,Suci Fadhilah','Metode penyampaian materi/kegiatan yang dijalankan   :\n1. Ceramah\n2. Diskusi\n\nMentoring dibuka dilanjutkan dengan tilawah. Sedikit perkenalan dan pembahasan peraturan dalam kelompok mentoring. Dilanjutkan dengan materi ma’rifatullah dan diskusi.','Lama pertemuan : 90 menit, pukul 18.45 - 20.15 WIB\nMentee: Chyntia dateng (nama belum dientri)\n        Ika (nama belum dientri), Riska, Wina => tanpa kabar','2011-09-22 18:45:00','Asrama UI','Ma\'rifatullah','A0911'),('A0911-2','Fauziah Rahmawati,Riska Fadilla,Suci Fadhilah','Metode penyampaian materi/kegiatan yang dijalankan   :\n1. Diskusi\n\nMentoring dibuka dilanjutkan dengan tilawah. Sedikit perkenalan kembali dan pembahasan peraturan dalam kelompok mentoring bagi yang belum datang pertemuan sebelumnya. Review materi ma’rifatullah. Diskusi tentang kehidupan di kampus.','Lama pertemuan : 65 menit, pukul 11.45 - 12.50 WIB\nMentee: Ika dateng (nama belum dientri)\nChyntia (nama belum dientri), Dhisa, Wina => tanpa kabar','2011-10-07 11:45:00','Mushalla Al-Khawarijmi','Kehidupan di Kampus','A0911'),('A0111-1','Amalia Mardhia Ersa,Elvira Susiana,Endang Panny W,Fitriani Revanda,Kanya Rizkianti','Mentoring diisi dengan perkenalan','Lama pertemuan : 80 menit, pukul 16.15 – 17.35\nMentee: Bonita => izin tutorial\n        Irma => izin tutorial\n        Syahidah => izin acara keluarga','2011-09-15 16:15:00','Lantai 5','Ta’aruf dan Perkenalan Kampus','A0111'),('A0111-2','Amalia Mardhia Ersa,Elvira Susiana,Endang Panny W,Bonita Ramadhani,Fitriani Revanda,Kanya Rizkianti,Syahidah Izza Rufaida','Metode penyampaian materi/kegiatan yang dijalankan   :\n-Diskusi dan cerita\n\nAlhamdulillah mentoring kali ini bisa dimulai tepat jam 4 sore.\nSebelum materi, saya ngadain games dulu ditambah perkenalan mentee yang ga bisa datang di pertemuan pertama (Izza dan Bone)\nSetelah itu, dilanjutkan ke materi Ma’rifatullah sampai maghrib.. penyampaian diisi dengan diskusi dan cerita. InsyaAllah pertemuan rutin mentoringnya hari Kamis jam 16.00 WIB','Lama pertemuan : 100 menit, pukul 16.00 – 17.50\nMentee: Irma => sakit','2011-09-29 16:00:00','Lantai 5','Ma\'rifatullah','A0111'),('A0111-3','Amalia Mardhia Ersa,Elvira Susiana,Endang Panny W,Bonita Ramadhani,Fitriani Revanda,Irma Aprilia Wulandari,Kanya Rizkianti,Syahidah Izza Rufaida','Metode penyampaian materi/kegiatan yang dijalankan   :\n-Diskusi dan cerita\n-Games\n-Sungai kehidupan\n\nAlhamdulillah mentoring kali ini full team, dimulai dengan perkenalannya Irma yang baru bisa datang d pertemuan ketiga. Saya nambahin satu sesi lagi selain pemberian materi, yaitu sesi Sungai Kehidupan. Setiap minggunya, setiap peserta diminta untuk menceritakan mengenai hidupnya dari lahir hingga sekarang. Tujuannya biar sesama peserta lebih mengenal satu sama lainnya.\nSetelah itu, diisi games dan dilanjutkan dengan pemberian materi...','Lama pertemuan : 105 menit, pukul 16.20 – 18.05','2011-10-16 16:20:00','Lantai 5','Tauhidullah & Syirik','A0111'),('A0111-4','Elvira Susiana,Endang Panny W,Bonita Ramadhani,Fitriani Revanda,Kanya Rizkianti,Syahidah Izza Rufaida','Metode penyampaian materi/kegiatan yang dijalankan   :\n-Diskusi (ngambil contoh ayat yg berkaitan, tafsir, cerita)\n-Games\n-Sungai kehidupan\n\nMentoring minggu ini bahas ma’rifaturrasul. Penyampaian dengan materi, sampel ayat yang berkaitan dengan materi, tafsir, cerita nabi dan zaman sekarang. Kemudian dilanjutkan dengan Sungai Kehidupan. Penentuan siapa yang cerita mengenai kehidupannya ditentukan dengan games. Kanya yang menang games milih Bone untuk menceritakan sungai kehidupannya minggu ini. Dengan sungai kehidupan diharapkan antar mentee jadi semakin mengenal lebih dalam dengan temen2 yg lain. Mentoring diakhiri pukul 17.40 WIB','Lama pertemuan : 90 menit, pukul 16.10 – 17.40\nMentee: Ame dan Irma => detlen tugas PMB','2011-10-13 16:10:00','Lantai 5','Ma’rifaturrasul','A0111'),('A0111-5','Amalia Mardhia Ersa,Elvira Susiana,Endang Panny W,Bonita Ramadhani,Fitriani Revanda,Syahidah Izza Rufaida','Metode penyampaian materi/kegiatan yang dijalankan   :\n- Diskusi (ngambil contoh ayat yg berkaitan, cerita)\n- Sungai kehidupan\n\nMentoring minggu ini bahas adab pergaulan sesama muslim. Alhamdulillah lancar. Giliran sungai kehidupan kali ini adalah Fitri. Mentoring diakhiri pukul 18.05  WIB','Lama pertemuan : 102 menit, pukul 16.23 – 18.05\nMentee: Irma => izin nyiapin utk kuis ddp besok\n        Kanya => tanpa kabar','2011-10-20 16:23:00','Lantai 5','Adab pergaulan sesama muslim','A0111'),('A0110-4','Firlia Sandyta,Shanti Nur Oktavia,Silvia Irma Wahyuni','A2I kali ini telat 20 menit. Yang hadir cuma 3 orang, yang lain ga tau pada kemana. padahal ada 2 orang yang ga dateng tadi konfirm mau hadir.\n\nDiskusi alhamdulillah berjalan lancar. insyaAllah UTS dilaksanakan 2 minggu lagi.','Waktu: 08.20 - 08.49 (29 menit)\nMentee: Dyah (sebelumnya konfirm mau dateng tp ga dateng)\n        Mira (baru bales sms dan bilang mau dateng jam 08.42)\n        Amel dan Tata => tanpa kabar','2011-10-27 08:20:00','Lantai 5','Makhraj Bibir + Hukum Nun Mati dan Tanwin','A0110'),('A0111-6','Amalia Mardhia Ersa,Elvira Susiana,Endang Panny W,Bonita Ramadhani,Fitriani Revanda,Irma Aprilia Wulandari,Kanya Rizkianti,Syahidah Izza Rufaida','Alhamdulillah mentoringnya full team. Bahasan kali ini tentang salah satu assabiqunal awwalun, Thalhah. \n\nDiskusi berjalan seru (sampai OOT ke proses ta\'aruf dll). Kemudian mentoring dilanjutkan dengan sesi Sungai Kehidupan. Giliran kali ini sungai kehidupannya Kanya.\n\nMentoring ditutup pukul 18.05','Waktu: 16.15-18.05 (110 menit)','2011-10-27 16:15:00','Lantai 5','Thalhah bin Ubaidillah','A0111'),('A0710-3','Aldyra Dhien Swavira,Elsa Anggraini Darwin,Farah Shafira Effendi,Lunetta Arifia,Nila Sukmawati,Nur Nindya Karina,Tyara Tri Adistie','Metode penyampaian materi/kegiatan yang dijalankan :\n1. Memberikan contoh dalam pelafalan huruf\n2. Melafalkan huruf bersama-sama\n3. Menguji pelafalan huruf satu-persatu\n \nAsistensi dimulai dengan makan snack, lalu tilawah. Setelah itu langsung materi dan terakhir penutupan..','Alhamdulillah mentoring berjalan lancar..Mentee datang on time dan hadir semuanya :)','2011-10-28 12:15:00','Sekre','Makhroj huruf Lidah (ja - ra\')','A0710'),('A0610-1','Annisa Prida Rachmadianty,Dyah Inastra D,Marsha Hanifawati,Rizky Widia Amanda','tidak ada','Karena ada Muslimah Gathering, jadi hanya berlangsung 30 mnt. Waktu ini digunakan untuk perkenalan dan penetapan jadwal untuk pertemuan selanjutnya.','2011-10-14 12:35:00','Mushala Fasilkom','tidak ada','A0610'),('A0610-2','Annisa Prida Rachmadianty,Dyah Inastra D,Marsha Hanifawati,Rizky Widia Amanda,Swastu Puri Antini','Penjelasan mengenai makhraj alif sampai ha. Dilanjutkan dengan latihan untuk masing-masing huruf oleh mentee.','tidak ada','2011-10-17 08:35:00','Mushala Fasilkom','Makhraj Alif-Ha','A0610'),('A0610-3','Annisa Prida Rachmadianty,Dyah Inastra D,Farah Nuraini,Marsha Hanifawati,Rizky Widia Amanda','Penjelasan makhraj huruf-huruf tenggorokan dan beberapa huruf lidah.','Materi makhraj diulang lagi dari awal dg dimulai dari makhraj huruf tenggorokan','2011-10-27 12:15:00','Mushalla Fasilkom','Makhrajul Huruf','A0610'),('A0210-1','Fauria Bisara,Febriana Misdianti,Inas Sofiyah Junus','Pertemuan pertama dan waktu terbatas sehingga baru sempat memberikan pengenalan ttg A2I','Pertemuan pertama dan waktu terbatas sehingga baru sempat memberikan pengenalan ttg A2I','2011-10-20 10:45:00','sekre','Pengenalan A2I','A0210'),('A0210-2','Dinna Amelina,Faiza Kun Aida,Fauria Bisara,Febriana Misdianti,Inas Sofiyah Junus,Vemmy Yusiana,Vini Agra Meizi','-Kewajiban Menuntut Ilmu\n-Kisah Imam Syafi\'i\n-Adab menuntut Ilmu','Lengkap alhamdulillah^^\nMinggu depan masuk ke makharijul huruf','2011-10-27 10:46:00','sekre','Urgensi Menuntut Ilmu','A0210'),('A0711-1','Jihan ,Tyas Widi Asrini','Mentoring ini adalah pertemuan kedua setelah sebelumnya diisi dengan perkenalan. Entah kenapa banyak yang tidak datang padahal jadwal sudah disepakati sebelumnya dan sudah diingatkan menjelang waktu mentoring. Yang tidak terduga adalah ternyata ada mahasiswi paralel di kelompok ini yaitu Anita. Ia tidak dapat hadir karena bertepatan dengan jadwal kuliah MPKT-B. Untuk selanjutnya, disepakati untuk kembali mendiskusikan jadwal.\n\nMentoring dimulai dengan tilawah 5 ayat masing-masing diikuti dengan diskusi dan sharing pengalaman. Sebelumnya juga ditanyakan tentang tugas PMB yaitu kenalan dan mendapatkan TTD senior karena materi kali ini berhubungan dengan perkenalan. Alhamdulillah respon kedua mentee yang datang baik dan mau terbuka menceritakan pengalamannya terkait materi.','apa yaa~~','2011-10-06 16:10:00','Gd. B Fasilkom Lt.5','Ma\'rifatullah','A0711'),('A0711-2','Indar Fauziah,Jihan ,Shabrina Ulfah,Siti Hasna Mursyidah,Tyas Widi Asrini','Dimulai dengan tilawah 5 ayat per orang. Lalu ngobrol2 tentang FUKI (mereka nanya2 tentang di FUKI ngapain aja) sebentar, dan masuk ke materi','Alhamdulillah yang dateng lebih banyak dari yang pertemuan sebelumnya. yang nggak dateng tidak memberikan alasan :(','2011-10-28 12:10:00','Mushola Al-Khawarizmi Fasilkom UI','Tauhid dan Syirik','A0711'),('A0110-5','Dyah Ayuningtyas,Firlia Sandyta,Reishita Indardhati,Rizky Amalia Kurnia,Silvia Irma Wahyuni','A2I dimulai pukul 08.25 - 09.45 WIB. Hari ini UTS nya baca S. Qof: 1-15\n\nAwalnya tilawah dulu, penyampaian kriteria penilaian dan diberi waktu latihan. Lalu dilanjut dengan UTS.\n\nEvaluasi: Rata- rata makhroj mentee udah bagus, yang jadi kendala utama itu adalah Ghunnah dan Panjang Pendek. Masih banyak yang ghunnahnya kurang dan bacaan yang seharusnya pendek dipanjangin dan sbaliknya','Mira absen lagi. Ga tau kenapa. Saya sama temen2nya juga bingung gmn cara ngajak dia biar bisa ikutan A2I\n\nShanti sakit.\nNilai masing2 mentee:\n1. Silvia I. W : 100\n2. Rizky A.K : 98\n3. Firlia S: 89\n4. Reishita I: 84\n5. Dyah A : 64','2011-11-10 08:25:00','Lantai 5','UTS','A0110'),('A0710-4','Aldyra Dhien Swavira,Elsa Anggraini Darwin,Farah Shafira Effendi,Lunetta Arifia,Nila Sukmawati,Nur Nindya Karina','Metode penyampaian materi/kegiatan yang dijalankan : 1. Memberikan contoh dalam pelafalan huruf 2. Melafalkan huruf bersama-sama 3. Menguji pelafalan huruf satu-persatu Asistensi dimulai dengan tilawah, lalu makan brownies. Setelah itu langsung materi dan terakhir penutupan..','Tyara Tri Adistie izin pulang ke Lampung','2011-11-11 12:15:00','Sekre','Makhroj huruf Lidah (tha-za)','A0710'),('A0410-4','Ajeng Anugrah Lestari,Astri Erviana,Hanifa Shoffani Alina,Wija Achyana','A2I dibuka seperti biasa dilanjutkan dengan tilawah. Terus langsung diberi materi pengucapan huruf \'a-ya. Dilanjutkan dengan review semua materi dr awal dan latihan baca surat buat UTS. Setelah itu langsung ditutup','Waktu: +/- 12.15-12.45\nMentee: Koi => sakit, minami => di Jogja','2011-11-11 11:51:00','Mushala','Pengucapan huruf \'a-ya dan latihan buat UTS','A0410'),('A0510-4','Gaby Nova Shintya,Nurlaili Fajriyah,Niken Fitria Apriani,Niken Paramita,Nisrina Luthfiyati','mempelajari huruf bibir','rahma di jogja, llika dan afifa mempersiapkan creamy','2011-11-11 11:45:00','lantai 5','huruf bibir','A0510'),('A0510-5','Gaby Nova Shintya,Lika Lindyasari,Nurlaili Fajriyah,Nisrina Luthfiyati','mempelajari huruf lidah','rahma rapat bem, afifa datang terlambat, niken fitria tidak hadir krn missed komunikasi, niken paramitha sakit','2011-10-27 12:50:00','lantai 5','huruf lidah','A0510'),('A0811-6','Astri Purwadhanty,Pinkyvi Tiffany W,Rani Khairunnisa','Menjelaskan, bagaimana seharusnya mencintai seseorang atau sesuatu serta menbencinya yang diajarkan oleh Rasulullah','Teresa, Annisa, nggak izin. Tapi kayaknya Teresa lagi rebek ngurus Kersosda, dia POnya soalnya','2011-11-11 12:15:00','Sekre','Cinta dan Benci jangan berlebihan','A0811'),('A0711-3','Shabrina Ulfah,Tyas Widi Asrini','Mentoring berjalan singkat dan padat. Peserta memahami dan menyadari maiyatullah dalam aplikasi kehidupan sehari-hari.','Peserta awalnya hanya 1 yaitu Widi, baru di akhir pertemuan, Shabrina datang.','2011-11-11 11:45:00','Sekre Square Gd.B lt.2 Fasilkom UI','Maiyatullah','A0711'),('A0710-5','Aldyra Dhien Swavira,Elsa Anggraini Darwin,Farah Shafira Effendi,Lunetta Arifia,Nila Sukmawati,Nur Nindya Karina,Tyara Tri Adistie','Metode penyampaian materi/kegiatan yang dijalankan : 1. Memberikan contoh dalam pelafalan huruf 2. Melafalkan huruf bersama-sama 3. Menguji pelafalan huruf satu-persatu Asistensi dimulai dengan tilawah, lalu materi. Setelah itu langsung UTS dan terakhir penutupan..','Aldyra 84\nElsa 90\nFarah 83\nLunetta 82\nNila 83\nNur Nindya 82\nTyara 80','2011-11-18 12:15:00','Sekre','Makhroj huruf bibir dan UTS (fa-wa)','A0710'),('A0310-1','Annisa Dwi Nidi,Rahmi Johanes,Umroh Machfudza Sihalolo','Makharijal semua huruf dan latihan','Mentoring: 60 menit. Tambahan yg datang:\nMutia ovirza (nama belum di-entry). Bella >> izin lomba masak UIFest, Nisrina >> tidak ada kabar. Siti >> tidak ada datanya','2011-10-26 12:00:00','Mushalla Al-Khawarizmi','Makharijal Huruf','A0310'),('A0911-3','Fauziah Rahmawati,Suci Fadhilah','Penyampaian materi dengan diskusi dan ceramah','Mentoring: 45 menit. Dhisa, riska, wina, ika(nama belum di-entry), chyntia(nama belum di-entry)>> tidak ada kabar','2011-11-18 12:00:00','Mushalla Al-Khawarizmi','Niat yang Ikhlas','A0911'),('A0310-2','Annisa Dwi Nidi,Bellalita Samik Ibrahim,Nisrina Rahmah,Rahmi Johanes,Umroh Machfudza Sihalolo','Latihan makaharijal huruf dan latihan UTS surat Qaf:1-15','Mentoring: 60 menit. Tambahan yg datang: Mutia ovirza(nama belum di-entry). Siti >> tidak ada datanya','2011-11-16 12:00:00','Mushalla Al-Khawarizmi','Makharijal Huruf','A0310'),('A0111-7','Amalia Mardhia Ersa,Elvira Susiana,Endang Panny W,Bonita Ramadhani,Fitriani Revanda,Irma Aprilia Wulandari','Kali ini diisi dengan nonton Ar- Risalah disc 1 sebagai refreshing setelah UTS minggu lalu. \n\nAlhamdulillah menteenya pada semangat dan banyak diskusi juga saat itu.','Waktu: 16.20 - 18.10 (110\')\nTilawah: Al- baqarah: 142 - 176\nMentee:\n1. Kanya: izin kaldera\n2. Izza: sakit','2011-11-10 16:20:00','Lantai 5','Ma\'rifaturrasul (nonton)','A0111'),('A1011-1','Dwi Teguh Priyantini,Gina Andriyani,Husna Yanevi,Isnaeni Nurrohmah','Mentoring pertama ini diawali perkenalan, kemudian bermain game sesuai dengan panduan mentoring. Setelah itu mulai membahas ma’rifatullah dan berdiskusi. Kemudian bersama-sama mengunjungi Tari yang lagi sakit di kamarnya.\n\nMetode penyampaian:\n1. cerita dan diskusi\n2. ngambil sampel ayat\n3. ngambil contoh kejadian nyata','Waktu mentoring: 19.00-20.00 (60\')\nUtari Amri: sakit\nDaftar mentee yg belum dientri ke sibina:\n1. Hana Fitriani: hadir\n2. Rahmi Delvita MR: hadir\n3. Melinda: hadir\n4. Febriani Wulan Sari: hadir','2011-09-18 19:00:00','Gazebo Asrama','Ma\'rifatullah','A1011'),('A1011-2','Dwi Teguh Priyantini,Gina Andriyani,Husna Yanevi,Isnaeni Nurrohmah','Mentoring kedua diawali dengan cerita-cerita ttg kampus, kemudian tilawah bergantian, lalu masuk materi tauhidullah dan syirik. Membacakan materi, kemudian membahas ayat2 yang terkait, kemudian berdiskusi ttg fenomena syirik di sekitar kita. Hari ini mulai membuat group facebook untuk kelompok.\n\nMetode penyampaian materi/kegiatan yang dijalankan   :\n1. Cerita dan diskusi\n2. Ngambil sampel ayat Al- Qur’an\n3. Ngambil contoh kejadian nyata','Waktu: 19.00-20.00 (60\')\nUtari Amri: ngerjain kuis fisika\nMentee yg belum dientri:\n1. Hana Fitriani: hadir\n2. Rahmi Delvita: hadir\n3. Melinda: hadir\n4. Febriana Wulan S: hadir','2011-09-22 19:00:00','Gazebo Asrama','Tauhidullah & Syirik','A1011'),('A1011-3','Dwi Teguh Priyantini,Gina Andriyani,Husna Yanevi,Isnaeni Nurrohmah','Mentoring ketiga ini diawali dengan cerita tentang siwak dan sabcer. Kemudian dilanjutkan dengan tilawah bergantian masing2 3 ayat. Setelah itu ke materi maiyatullah, membacakan cerita di buku mentoring, sedikit diskusi. Setelah itu meminta salah satu mentee untuk membuat reviewnya. Hari ini baru dipilih ketua kelompok mentoring: Dwi.','Waktu: 08.30-09.30 (60\')\nUtari Amri: ga ada kabar (perlu dieval)\nRahmi Delvita: ke rumah saudara\nMentee yg belum dientri:\n1. Hana Fitriani: hadir\n2. Melinda: hadir\n3. Febriana Wulan S: hadir','2011-10-15 08:30:00','Gazebo Asrama','Maiyatullah','A1011'),('A0211-1','Anggi Maulidyani,Dipta Tanaya,Febrina Rahdiyani,Widi Rizki Damarsati','Mentoring dimulai dengan tilawah oleh Anggi. Mereka dipacu untuk menebak judul materi mentoring dengan mendengarkan nasyid Keimanan. Ternyata gak ketebak :D\n\nLangsung masuk materi dan ditutup dengan mereview kembali cerita 25 Nabi dan Rasul beserta mu\'jizatnya :)','- Sempet ga mentoring selama 1 minggu karna ada di Surabaya (17-22 Oktober 2011). \n- Vakum 2 minggu lagi karena mentee yang berhalangan ga bisa mentoring (persiapan MK dan kegiatan PMB lainnya)\n- 1 Minggu libur UTS\n- 1 Minggu karna mentor ada tugas lab sitter\n\nWaktu: 11.50-12.30 (40\')\nMentee:\n1. Cindy Perdana (KI) -> ga pernah respon\n2. Nori Hesviandani (KI) -> idem\n3. Enreina -> miskom sptnya\n4. Hargiyanti -> ga ada kabar\n5. Irania -> ga ada kabar','2011-11-18 11:50:00','Sekre','Ma\'rifaturrasul','A0211'),('A0A11-1','Aulia Pangestu,Fathiya El Huda','Mentoring lebih diisi dengan cerita-cerita antar mentee seputar kisah nabi dan hikmahnya, dan cerita manrik dala hidup Nabi Muhammad.','Mentee yang datang sedikit karena banyak yang mau mempersiapkan MK.','0000-00-00 00:00:00','Mushola','Makrifatul rasul','A0A11'),('A0511-1','Nurulfajri Oktaviani,Vatia Arda Putri','Cerita tentang nelayan Jepang dan dihubungkan dengan masalah-masalah dalam kehidupan.\nCerita tentang 2 katak dan dihubungkan dengan optimisme.\nAnalogi mengambil barang dengan menggapai cita-cita.\nSharing rencana masa depan trus diskusi rintangan apa yang mungkin mengganggu dan solusinya.','Banyak yang gak bisa hadir karena ada persiapan MK, dan mereka pada saat malam bilang bisa, tp pas mentoringnya tiba\'\' gak bisa :(','0000-00-00 00:00:00','Sekre','Motivasi','A0511'),('A0511-2','Nurulfajri Oktaviani,Vatia Arda Putri','Cerita tentang nelayan Jepang dan dihubungkan dengan masalah-masalah dalam kehidupan.\nCerita tentang 2 katak dan dihubungkan dengan optimisme.\nAnalogi mengambil barang dengan menggapai cita-cita.\nSharing rencana masa depan trus diskusi rintangan apa yang mungkin mengganggu dan solusinya.','Banyak yang gak bisa hadir karena ada persiapan MK, dan mereka pada saat malam bilang bisa, tp pas mentoringnya tiba\'\' gak bisa :(','2011-11-18 11:50:00','Sekre','Motivasi','A0511'),('A0511-3','Audry Pragita Putri,Aulia Ramadhani Kusro,Nurulfajri Oktaviani,Vatia Arda Putri','Gak ada materi khusus, hanya kasih semangat buat UTS. Diawali tilawah seperti biasa, trus mereka curhat tentang masalah mereka selama ini di fasilkom. Trus sama sama diskusi dan coba cari solusi (lumayan lama ampe setengah jam). Baru abis itu membahas Surat Al-Insyiroh sampai selesei. Lebih mengkhususkan ayat 5 dan 6.','Disini kendala waktu nya kurang, karena pada datengnya telat jadinya mulainya ngaret, dan fifa ada kelas, padahal sebenernya lagi seru\"nya >.<','2011-10-29 12:30:00','Lantai 5','Sharing sebelum UTS','A0511'),('A0511-4','Nurulfajri Oktaviani,Vatia Arda Putri','Semua yang disampein sesuai yang ada di modul. Diawal seperti biasa tilawah,. Trus penjelasan satu arah. Baru abis itu diskusi dua arah, dan contoh\" dalam kehidupan sehari-hari.','aul no ganti jadi selama 3 kali dia gak dateng karena salah nomer.\nnisa udah dateng tp dia telat udah kelar mentoringnya. audry izin ada persiapan lomba UIFest.\nIka lupa jd gak dateng.','2011-10-15 12:30:00','Yuli','Ma\'rifatullah','A0511'),('A0510-6','Gaby Nova Shintya,Lika Lindyasari,Nurlaili Fajriyah,Niken Fitria Apriani,Niken Paramita,Nisrina Luthfiyati,Rahma Islami Lukitasari','Niken Fitria: 90\nNurlaili: 90\nNisrina: 93\nLika: 80\nNiken Paramita: 93\nRahma: 89\nGaby: 75\nAfifa: 95','.','2011-11-18 12:00:00','lantai 5','UTS','A0510'),('A0210-3','Dinna Amelina,Faiza Kun Aida,Fauria Bisara,Vemmy Yusiana','Menerangkan ttg Makharijul Huruf bagian kedua','Yg tidak hadir karena kumpul angkatan dan kelas tambahan','2011-11-17 00:20:00','sekre','Makharijul Huruf (dua)','A0210'),('A0210-4','Faiza Kun Aida,Fauria Bisara,Febriana Misdianti,Vemmy Yusiana','Menerangkan tentang Makharijul Huruf bagian pertama','Yang tidak hadir karena ketiduran dan lupa.','2011-11-10 00:24:00','sekre','Makharijul Huruf (satu)','A0210'),('A0110-6','Firlia Sandyta,Mira Pravitasari,Rizky Amalia Kurnia,Shanti Nur Oktavia,Silvia Irma Wahyuni','A2I dimulasi dengan tilawah S. Maryam: 65-98. kemudian dilanjutkan dengan materi mengenai Mad, dimulai dari Mad Asli sampai Mad Far\'i yang disebabkan karena Sukun, yaitu Mad Lin.\n\nTadi juga ngadain UTS susulan untuk Shanti dan Mira (akhirnya Mira datang juga.. :D meskipun baru nyampe jam 9 ).\n\nA2I diisi dengan pemberian materi, diskusi, ngambil contoh ayat dan latihan masing- masing mentee dan diakhiri dengan talaqqi S. Adh- Dhuha','Minggu lalu tidak ada A2I karna saya sakit.\nWaktu: 08.24-09.10.\n\nMentee: 1. Reishita -> ga ada kabar\n        2. Dyah -> ga ada kabar\n\nNilai UTS:\n1. Shanti Nur O : 98.\n2. Mira Pravitasari : 78','2011-11-24 08:24:00','Lantai 5','Mad','A0110'),('A0210-5','Dinna Amelina,Faiza Kun Aida,Fauria Bisara,Febriana Misdianti,Inas Sofiyah Junus,Vemmy Yusiana,Vini Agra Meizi','Mengulang materi 2minggu terakhir','Persiapan UTS minggu depan','2011-11-24 20:14:00','sekre','review makharijul huruf','A0210'),('A0111-8','Elvira Susiana,Endang Panny W,Irma Aprilia Wulandari,Kanya Rizkianti,Syahidah Izza Rufaida','Mentoring dimulai dengan games untuk menentukan MC dan menyemangati menteenya juga karna hari udah sore dan banyak yang pusing mikirin kuliah. \n\nMC terpilih adalah Izza kemudian dilanjutkan tilawah S. Al-Baqarah: 142-176. Sebelum nyampein materi, saya ngulang mentoring dua minggu lalu tentang Ma\'rifaturrasul (kemarin itu kita nonton). Jadinya cerita dulu tentang perang badar dll.\n\nBarulah kemudian saya ngasih materi tentang Al-Qur\'an sebagai pedoman hidup, ngambil realita sekarang yang para remaja sendiri udah begitu jauh dengan kitab sucinya. \n\nMentoring berlangsung seru. Menteenya juga pada banyak nanya dan diskusi satu sama lain.','Minggu lalu (17Nov2011) tidak ada mentoring karna menteenya pada rebek nyiapin MK.\n\nWaktu: 16.33-18.03 (90menit)\nMentee:\n1. Bonita -> izin kaldera\n2. Fitri -> sakit\n3. Ame -> udah ke mushalla, tp cuma ngambil donat. kitanya jadi bingung. kata temennya mungkin lagi down nilai...','2011-11-24 16:33:00','Mushalla Al-Khawarijmi','Al-Qur\'an sebagai pedoman hidup','A0111'),('A0410-5','Ajeng Anugrah Lestari,Astri Erviana,Hanifa Shoffani Alina,Khairia Kurniawati Rais,Minami Yama Cahyani,Wija Achyana','A2I dibuka seperti biasa dilanjutkan dengan tilawah (tapi kali ini porsi tilawah per orang lebih banyak soalnya sekalian mengevaluasi kembali materi sebelumnya mengenai makhraj huruf, panjang-pendek, dan qalqalah). Terus dilanjutkan dengan materi tajwid Nun mati dan tanwin. Setelah itu langsung ditutup\n\n\nUTS dilaksanakan di hari yang berbeda-beda...\nkriteria penilaiannya dari panjang pendek dan makhroj huruf\nMinami 80\nKhairia 90\nHanifa 95\nAjeng 93\nAstri 85\nWija 99','Waktu: +/- 12.25-12.55\nAlhamdulillah semua datang!!! >.< happy','2011-11-25 12:25:00','Sekre','Nun mati dan tanwin dan UTS','A0410'),('A0511-5','Audry Pragita Putri,Aulia Ramadhani Kusro,Ika Apriyanti Muiz,Nisa Zulhikmah,Nurulfajri Oktaviani,Isabella Ayu Wardhanie','Penjelasan tentang makna kata Islam (salm, islaam, mutasallimun, salim, salam) ditambah dengan contoh sehari hari.\nMengambil ibrah dari kisah seorang Mualaf (saudara MIcheal Jackson, Jaramine Jackson).\n(Pertanyaan)--&gt;diskusi tentang masukin anak di sekolah kristen.','Vatia tidak hadir ijin, tapi gak jelas ijinny.\nKlo hana udah jadi menteenya kan Kirana.','2010-11-25 12:20:00','Musholla','Ma\'rifatul Islam','A0511'),('A0211-2','Anggi Maulidyani,Dipta Tanaya,Enreina Annisa Rizkiasri,Hargiyanti Wulan Utami,Widi Rizki Damarsati','isi ntar ya..','Waktu: 11.45-12.30 (45 menit)\nMentee yg ga hadir:\n1. Cindy Perdana (KKI) -> ga ada kabar\n2. Nori H (KKI) -> ga ada kabar\n3. Febrina -> ga ada kabar\n4. Irania -> ga ada kabar','2011-09-16 11:45:00','Sekre','Ma\'rifatullah','A0211'),('A0211-3','Anggi Maulidyani,Dipta Tanaya,Enreina Annisa Rizkiasri,Irania ','isi ntar ya ka..','Waktu: 11.45 - 12.30 (45 menit)\nMentee yang ga dateng\n1. Cindy dan Nori (KKI) -> ga ada kabar\n2. Febrina, hargiyanti dan Widi -> ga ada kabar','2011-09-23 11:45:00','Sekre','Tauhidullah & Syirik','A0211'),('A0211-4','Anggi Maulidyani,Febrina Rahdiyani,Hargiyanti Wulan Utami,Irania ,Widi Rizki Damarsati','isi ntar ...','Waktu : 11.45 - 12.30 (45 menit)\nMentee:\n1. Enreina -> sakit\n2. Dipta T -> izin\n3. Cindy dan Nori (KKI) -> ga ada kabar','2011-09-30 11:45:00','Sekre','Maiyatullah','A0211'),('A0411-1','Dita Widiarty,Nurul Aini,Rana Fathiya Kusuma,Vini Ramafirda Akbar','Memancing ingatan mentee tentang apa yang telah mereka ketahui sebelumnya. Menceritakan kisah2 inspiratif dari nabi dan rasul.','Pada mentoring kali ini, gabung dg mentoring kelompok Kak Ina, karena mentee yg datang sama2 dikit.\nKaren : izin, karena sakit,\nTika, rennie, adim : tidak ada kabar.','2011-11-25 12:00:00','Sekre Fasilkom','Ma\'rifatul Rasul','A0411'),('A0411-2','Atika Najla,Dita Widiarty,Hamidah ,Rana Fathiya Kusuma,Rennie Nonaestrelita,Vini Ramafirda Akbar','Menajabarkan makna ma\'iyatullah. Menceritak kisah perjalanan dua orang pengembara yg bertemu dg pengembala. Menceritakan contoh-contoh kebesaran Allah SWT.','Karen dan Aini : tidak ada kabar, konfirm kedatangan, tapi pas mentoring nggak dateng.','2011-11-12 11:45:00','Sekre Fasilkom','Ma\'iyatullah','A0411'),('A0411-3','Atika Najla,Dita Widiarty,Hamidah ,Karendiya Kinasih,Nurul Aini,Rana Fathiya Kusuma,Rennie Nonaestrelita','Menjelaskan makna ketauhidan dan syirik. Memberikan dan menanyakan kpd mentee contoh nyata dari syirik.','Buat tanggal mentoring, lupa-lupa ingat,,:)','2011-11-05 11:45:00','Sekre Fasilkom','Tauhidullah dan Syirik','A0411'),('A0411-4','Atika Najla,Nurul Aini,Vini Ramafirda Akbar','Mengikuti acara muslimah gathering dari keputrian.','Karena mentee yang datang cuman 3, jadi saya memilih untuk menghadiri muslimah gathering aj,\nTanggalnya lupa-lupa ingat,,hehe..:)','2011-10-28 11:45:00','Musholla','Muslimah Gathering','A0411'),('A0411-5','Atika Najla,Dita Widiarty,Hamidah ,Karendiya Kinasih,Nurul Aini,Rana Fathiya Kusuma,Rennie Nonaestrelita,Vini Ramafirda Akbar','Menjabarkan makna ma\'rifatullah, urgensi dan hal yang menghalangi ma\'rifatullah. Menceritakan tanda-tanda keberadaan ALLAH SWT.','Tanggalnya lupa-lupa ingat,,:D','2011-10-15 22:12:00','Sekre Fasilkom','Ma\'rifatullah','A0411'),('A0411-6','Atika Najla,Dita Widiarty,Karendiya Kinasih,Nurul Aini,Rana Fathiya Kusuma,Rennie Nonaestrelita,Vini Ramafirda Akbar','Karena saat PSAF saya tidak bisa hadir, maka perkenalan baru dilakukan setelah libur.','Adim : nggak ada kabar.\nUntuk tanggal pastinya, lupa-lupa ingat,,:D','2011-09-30 11:45:00','Sekre Fasilkom','Perkenalan','A0411'),('A0710-6','Aldyra Dhien Swavira,Elsa Anggraini Darwin,Farah Shafira Effendi,Lunetta Arifia,Nila Sukmawati,Nur Nindya Karina,Tyara Tri Adistie','Metode penyampaian materi/kegiatan yang dijalankan : 1. Memberikan penjelasan tentang hukum idzhar 2. Melafalkan contoh hukum idzhar bersama-sama..\nAsistensi dimulai dengan tilawah, lalu materi. Setelah penutupan dan terakhir foto-foto :D','Mentee-mentee zaman skrg harus di kasih iming2 makanan enak atau sesuatu yg luar dari biasa, misal foto2,,hehe :)','2011-11-25 12:15:00','Sekre','Hukum idzhar','A0710'),('A0711-4','Shabrina Ulfah,Siti Hasna Mursyidah,Tyas Widi Asrini','Mentoring digabung dengan kelompoknya Mutia 2010. Materi dibawakan bergantian.','Yang izin: Jihan dan Indar (belajar md)','2011-11-25 12:30:00','Sekre Square Gd.B Fasilkom Lt.2','Ma\'rifaturrasul','A0711'),('A0110-7','Firlia Sandyta,Rizky Amalia Kurnia,Shanti Nur Oktavia,Silvia Irma Wahyuni','Dimulai dengan tilawah S. Thaha: 1- 51. Lalu review mad yang didiskusiin minggu lalu sama ngambil contoh ayat.\n\nsetelah itu, disambung dengan materi mad cabang karna sukun. Terakhir, masing- masing mentee diminta untuk menebak mad yang terkait pada surat Thaha.\n\nInsyaAllah minggu depan UAS','Waktu: 08.25-09.45 (80\')\nMentee: 1. Mira -> izin macet. \n2. Dyah -> ketiduran\n3. Tata -> tanpa kabar','2011-12-01 08:25:00','Lantai 5','Mad cabang','A0110'),('A0111-9','Elvira Susiana,Endang Panny W,Irma Aprilia Wulandari,Syahidah Izza Rufaida','Mentoring kali ini bener2 ngaret :(. menteenya pada ada detlen ddp, ada yang detlen kepanitiaan juga, jadi nungguin merekanya dulu. Akhirnya mentoring yang seharusnya jam 4 mulai, jadi molor 50\'. Alhamdulillah masih bisa dijalanin.. :)\n\ntadi bahas maiyatullah. banyak diskusi juga..','Waktu: 16.50-18.10 (70\')\nMentee: 1. Bonita -> izin kaldera\n2. Fitri -> izin kaldera\n3. Amalia -> ngerjain ddp tapi ga ngasi kabar\n4. Kanya -> kaldera tp ga ngasi kabar','2011-12-01 16:50:00','Mushalla Al-Khawarijmi','Maiyatullah','A0111'),('A0711-5','Jihan ,Shabrina Ulfah','Peserta diberi materi tentang Marifatul Islam: Ciri2, karakteristik, Islam dan umat Islam','Yang izin:\n1. Indar: dekor Kaldera\n2. Tyas Widi: CEDS & Kaldera','2011-12-02 12:30:00','Sekre Square Gd.B Fasilkom Lt.2','Marifatul Islam','A0711'),('A0410-6','Ajeng Anugrah Lestari,Astri Erviana,Hanifa Shoffani Alina,Khairia Kurniawati Rais,Minami Yama Cahyani','Kemarin A2I dibuka seperti biasa. Terus saya memberi kuis berhadiah di awal untuk mereview materi nun mati dan tanwin yang sudah dipelajari pekan lalu. Setelah itu langsung saya beri materi mengenai hukum mim mati. Setelah itu mentoring ditutup','Waktu: +/- 12.20-13.05\nAbsen: Wija sakit','2011-12-02 12:20:00','Sekre','Review bacaan nun mati dan tanwin, Hukum mim mati','A0410'),('A0210-6','Dinna Amelina,Faiza Kun Aida,Fauria Bisara,Febriana Misdianti,Inas Sofiyah Junus,Vemmy Yusiana,Vini Agra Meizi','Dinna:92\nFaiza:81\nFauria:97\nFebri:91\nInas:82\nVemmy:94\nVini:97','Alhamdulillah','2011-12-01 20:07:00','sekre','UTS','A0210'),('A0311-1','Elvira ,Syeftiarini Fani Sutendi','Baru kenalan. Oya admin, tolong hilangkan amanda, fauzia,febriana,nur endah, trus ganti sama nurul fitriani dan elisa..','Tolong diganti ya..','2011-11-25 20:10:00','sekre','Perkenalan','A0311'),('A0311-2','Yuliana Khairani,Syeftiarini Fani Sutendi','Diputuskan waktunya setiap Jumat jam 12..','Semangat!','2011-11-18 20:12:00','lt 5','Menyocokkan waktu','A0311'),('A0410-7','Ajeng Anugrah Lestari,Minami Yama Cahyani,Wija Achyana','Kemarin A2I dibuka seperti biasa. Langsung dikasih materi ttg Mad Thobi\'i sampai Mad Iwadl (diulang bolak-balik biar inget). Setelah itu mentoring ditutup','Waktu: +/- 30 menit\nAbsen: khairia izin telat soalnya jaga toko (tapi akhirnya nggak datang), Hanifa sakit, Astri nggak izin tapi kata yg lain dia pulang ke tangerang','2011-12-09 12:25:00','Sekre','Mad thobi\'i-Mad Iwadl','A0410'),('A0411-7','Dita Widiarty,Karendiya Kinasih,Nurul Aini,Rennie Nonaestrelita','Pada mentoring kali ini, bertepatan dengan muslimah gathering, jadi karena materi yang disampaikan sangat penting untuk perempuan, saya putuskan kelompok mentoring kami untuk mengikuti MG2.','-','2011-12-09 12:00:00','Sekre Fasilkom','Kesehatan wilayah feminimitas wanita','A0411'),('A0410-8','Ajeng Anugrah Lestari,Astri Erviana,Hanifa Shoffani Alina,Minami Yama Cahyani,Wija Achyana','Kemarin A2I dibuka seperti biasa. Terus review materi pekan kemarin cz banyak yg nggak datang kemarin. Setelah itu lanjut ke materi inti. Setelah itu mentoring ditutup','Waktu: +/- 30 menit Absen: khairia izin telat tp akhirnya nggak datang lagi (izinnya karena harus ketemu sm kakakx buat ngasih kamera atau apa gitu buat jualannya)','2011-12-16 12:25:00','Sekre','Hukum bacaan mad tamkin-mad lazim mukhaffaf kalimi','A0410'),('A0711-6','Annisa Karimah Tamalate,Jihan ,Shabrina Ulfah,Tyas Widi Asrini','Penjelasan pengertian ibadah, selanjutnya diskusi. Pertemuan berlangsung seru karena banyak yang berpendapat dan bertanya','Tidak ada','2011-12-16 11:45:00','Sekre Square Gd.B Fasilkom Lt.2','Makna Ibadah dan Keutamaan Shalat','A0711'),('A0510-7','Gaby Nova Shintya,Nurlaili Fajriyah,Niken Fitria Apriani,Niken Paramita,Nisrina Luthfiyati','dialihkan ke MG','lika sakit\nrahma katanya lagi gak mood :(\nafifa dateng','2011-12-09 12:00:00','sekre','MG','A0510'),('A0510-8','Gaby Nova Shintya,Lika Lindyasari,Nurlaili Fajriyah,Niken Fitria Apriani,Niken Paramita,Nisrina Luthfiyati,Rahma Islami Lukitasari','melanjutkan materi mad sebelumnya','afifa datang','2011-12-16 12:00:00','lantai 5','mad','A0510'),('A0510-9','Gaby Nova Shintya,Lika Lindyasari,Nurlaili Fajriyah,Niken Fitria Apriani,Niken Paramita,Nisrina Luthfiyati,Rahma Islami Lukitasari','mad','afifa datang','2011-12-25 12:00:00','lantai 5 ','mad','A0510'),('A0111-10','Elvira Susiana,Endang Panny W,Bonita Ramadhani,Fitriani Revanda,Kanya Rizkianti','seperti biasa, mentoring dimulai dengan tilawah. setelah itu main games bentar dan dilanjut materi tentang kepemimpinan dalam Islam. Ini nyesuain sama agenda yang lagi marak di UI, yaitu Pemira.\n\nsetelah itu diskusi terkait materi, curhat dll. \nKet: Kanya izin d tengah mentoring','Waktu: 16.42 - 18.05\nIzin: Irma, Ame\nSakit: Izza','2011-12-15 16:42:00','Mushalla Al-Khawarijmi','Kepemimpinan dalam Islam','A0111'),('A0110-8','Dyah Ayuningtyas,Firlia Sandyta,Rizky Amalia Kurnia,Shanti Nur Oktavia,Silvia Irma Wahyuni','sebenarnya jadwal uasnya beda2, tapi di log saya isi berdasarkan mentee yang terakhir ikut UAS aj.\n\nMira sama Tata ga jelas kabarnya.','-','2011-12-23 15:30:00','Mushalla Al-Khawarijmi','UAS','A0110');
/*!40000 ALTER TABLE `log_mentoring` ENABLE KEYS */;
UNLOCK TABLES;

--
-- Table structure for table `mentee`
--

DROP TABLE IF EXISTS `mentee`;
/*!40101 SET @saved_cs_client     = @@character_set_client */;
/*!40101 SET character_set_client = utf8 */;
CREATE TABLE `mentee` (
  `npm` char(10) NOT NULL,
  `presentasi_kehadiran` int(2) NOT NULL,
  PRIMARY KEY (`npm`)
) ENGINE=MyISAM DEFAULT CHARSET=latin1;
/*!40101 SET character_set_client = @saved_cs_client */;

--
-- Dumping data for table `mentee`
--

LOCK TABLES `mentee` WRITE;
/*!40000 ALTER TABLE `mentee` DISABLE KEYS */;
INSERT INTO `mentee` (`npm`, `presentasi_kehadiran`) VALUES ('0584796541',0),('0909090909',3),('1122334455',0),('1144114411',0),('1205895674',0),('1234567890',3),('1265987401',0),('1596964512',0),('4455665544',0),('5555555555',1),('7474747474',4),('8888888888',1),('9090909090',0),('1006666305',0),('1006666343',0),('1006671141',0),('1006671293',0),('1006671381',0),('1006671646',0),('1006666753',0),('1006686212',0),('1006759901',0),('1006665971',0),('1006665990',0),('1006666135',0),('1006666236',0),('1006665933',0),('1006665946',0),('1006665984',0),('1006666141',0),('1006666330',0),('1006671766',0),('1006671904',0),('1006671942',0),('1006685626',0),('1006685853',0),('1006671740',0),('1006671910',0),('1006685670',0),('1006685746',0),('1006770690',0),('1006770734',0),('1006770772',0),('1006759712',0),('1006759782',0),('1006759813',0),('1006759845',0),('1006759864',0),('1006770785',0),('1006760821',0),('1006775735',0),('1006666412',0),('1006671173',0),('1006671375',0),('1006671444',0),('1006671633',0),('1006671690',0),('1006671923',0),('1006760651',0),('1006760746',0),('1006760765',0),('1006666040',0),('1006666091',0),('1006666204',0),('1006666721',0),('1006671513',0),('1006671785',0),('1006665952',0),('1006671601',0),('1006686042',0),('1006671753',0),('1006671116',0),('1006671860',0),('1006671955',0),('1006775640',0),('1006686143',0),('1106007104',6),('1106022175',10),('1106022010',10),('1106021172',7),('1106000161',8),('1106017603',5),('1106053703',7),('1106007483',7),('1106053672',4),('1106089003',0),('1106012003',3),('1106053501',2),('1106017042',2),('1106023190',2),('1106018985',2),('1106088953',0),('1106008372',0),('1106014601',1),('1106015232',0),('1106012243',0),('1106020876',0),('1106004310',0),('1106011764',0),('1106000924',1),('1106053590',2),('1106054826',5),('1106015554',6),('1106013201',3),('1106054952',4),('1106020245',6),('1106054933',5),('1106018663',5),('1106013750',2),('1106014551',2),('1106009513',2),('1106011783',0),('1106054864',1),('1106013946',1),('1106007893',5),('1106019893',1),('1106054800',4),('1106088505',0),('1106016241',0),('1106088594',0),('1106011676',0),('1106015030',0),('1106088096',0),('1106005761',0),('1106005736',0),('1106088474',0),('1106088581',0),('1106001800',1),('1106014545',0),('1106021525',0),('1106001126',1),('1006005805',4),('1106009091',5),('1106010420',2),('1106087843',5),('1106088783',5),('1106088202',5),('1106088612',5),('1106088215',3),('1106088890',2),('1106088529',6),('1106088530',5),('1106088032',4),('1106017282',1),('1106001901',3),('1106022603',1),('1106014740',3),('1106007855',0),('1106002204',3),('1106022654',3),('1106013340',3),('1106015964',3),('1106013126',0),('1106017925',0),('1106054965',0),('1106054914',1),('1106012703',1),('1106007621',0),('1106014116',0),('1106022244',0),('1006666715',0),('0806472906',0),('0906552385',0),('0906552416',0),('0906552422',0),('0906552441',0),('0906552454',0),('0906552486',0),('0906552523',0),('0906552536',0),('1006671066',0),('1006671085',0),('1006671425',0),('1006671564',0),('1006666394',0),('1006671103',0),('1006671204',0),('1006671476',0),('1234567888',0),('1006686124',0),('1006686282',0),('1006732061',0),('1006759681',0),('1006760664',0),('1006685840',0),('1006685891',0),('1006686130',0),('1006756585',0),('1006685563',0),('1006685683',0),('1006685701',0),('1006685752',0),('1006685765',0),('1006685790',0),('1006686055',0),('1006686061',0),('1006759656',0),('1006759832',0),('1006760790',0),('1006775666',0),('0000000000',0),('1006685582',0),('1006685595',0),('1006685696',0),('1006686181',0),('1006686206',0),('1006760683',0),('1006760840',0),('1006685815',2),('1006666002',8),('1006686023',1),('1006666381',4),('1006760853',2),('1006671961',2),('1006666160',2),('1006666261',4),('1006666280',5),('1006760784',6),('1006666293',5),('1006671551',4),('1006672030',5),('1006770791',3),('1006770715',1),('1006685714',1),('1006671816',1),('1006666375',2),('1006671974',0),('1006666186',1),('1006685613',3),('1006760701',5),('1006685872',2),('1006685960',1),('1006666324',3),('1006666192',6),('1006685834',9),('1006666311',7),('1006775716',9),('1006666103',7),('1006770753',8),('1006671803',9),('1006775722',5),('1006671192',3),('1006759706',3),('1006760771',1),('1006666066',3),('1006686250',3),('1006666406',1),('1006666242',2),('1006671362',2),('1006671431',2),('1006685973',5),('1006666362',6),('1006666116',2),('1006666173',2),('0906552372',0),('0906552473',0),('0906552492',0),('0906552510',0),('0906646050',0),('1106053533',0),('1106053571',0),('1106087622',0),('1106053666',0),('1106087686',0),('1106087660',0),('1106087433',0),('1106053653',0),('1106053691',0),('1106087692',0),('1106087540',0),('1106087515',0),('1106087673',0),('1106053483',0),('1106053685',0),('1106053602',0),('1106087591',0),('1106087654',0),('1106087635',0),('1106087585',0),('1106014766',0),('1106053470',0),('1106087641',0),('1106053464',0),('1106021260',0),('1106020056',0),('1106004153',0),('1106022862',0),('1106020812',0),('1106053552',0),('1106053546',0),('1106016720',0),('1106011442',0),('1006000224',0),('1106000874',0),('1106006991',0),('1106002021',0),('1106053584',0),('1106007754',0),('1106002330',0),('1106000451',0),('1106015112',0),('1106019975',0),('1106017080',0),('1106020176',0),('1106087566',0),('1106004815',0),('1106005673',0),('1106019590',0),('1106010912',0),('1106087811',0),('1106087805',0),('1106087894',0),('1106087830',0),('1106055002',0),('1106087875',0),('1106087723',0),('1106087881',0),('1106087793',0),('1106087824',0),('1106087736',0),('1106087761',0),('1106054920',0),('1106087856',0),('1106054946',0),('1106054901',0),('1106054870',0),('1106000205',0),('1106017212',0),('1106023133',0),('1106014620',0),('1106009955',0),('1106019022',0),('1106013870',0),('1106019104',0),('1106017591',0),('1106008605',0),('1106088510',0),('1106054984',0),('1106054851',0),('1106087982',0),('1106000155',0),('1106003522',0),('1106016001',0),('1106022780',0),('1106011266',0),('1111111111',0),('1106023171',0),('1106021752',0),('1106010130',0),('1106000400',0),('1106054813',0),('1106014526',0),('1106011184',0),('1106014854',0),('1106020604',0),('1106004670',0),('1106020882',0),('0123456789',0);
/*!40000 ALTER TABLE `mentee` ENABLE KEYS */;
UNLOCK TABLES;

--
-- Table structure for table `mentor`
--

DROP TABLE IF EXISTS `mentor`;
/*!40101 SET @saved_cs_client     = @@character_set_client */;
/*!40101 SET character_set_client = utf8 */;
CREATE TABLE `mentor` (
  `npm` char(10) NOT NULL,
  PRIMARY KEY (`npm`)
) ENGINE=MyISAM DEFAULT CHARSET=latin1;
/*!40101 SET character_set_client = @saved_cs_client */;

--
-- Dumping data for table `mentor`
--

LOCK TABLES `mentor` WRITE;
/*!40000 ALTER TABLE `mentor` DISABLE KEYS */;
INSERT INTO `mentor` (`npm`) VALUES ('0000000001'),('0000000007'),('0806316316'),('0806316322'),('0806334691'),('0806334956'),('0806335050'),('0806339471'),('0806339673'),('0806457672'),('0906492991'),('0906493155'),('0906510565'),('0906518170'),('0906562902'),('0906563634'),('0906563842'),('1006685576'),('1006686276'),('1006775672'),('1006775691'),('4455665544');
/*!40000 ALTER TABLE `mentor` ENABLE KEYS */;
UNLOCK TABLES;

--
-- Table structure for table `mutasi`
--

DROP TABLE IF EXISTS `mutasi`;
/*!40101 SET @saved_cs_client     = @@character_set_client */;
/*!40101 SET character_set_client = utf8 */;
CREATE TABLE `mutasi` (
  `npm` char(10) NOT NULL,
  `rmid` char(6) NOT NULL,
  PRIMARY KEY (`npm`,`rmid`),
  KEY `rmid` (`rmid`)
) ENGINE=MyISAM DEFAULT CHARSET=latin1;
/*!40101 SET character_set_client = @saved_cs_client */;

--
-- Dumping data for table `mutasi`
--

LOCK TABLES `mutasi` WRITE;
/*!40000 ALTER TABLE `mutasi` DISABLE KEYS */;
/*!40000 ALTER TABLE `mutasi` ENABLE KEYS */;
UNLOCK TABLES;

--
-- Table structure for table `orang`
--

DROP TABLE IF EXISTS `orang`;
/*!40101 SET @saved_cs_client     = @@character_set_client */;
/*!40101 SET character_set_client = utf8 */;
CREATE TABLE `orang` (
  `npm` char(10) NOT NULL,
  `no_hp` varchar(12) DEFAULT NULL,
  `email` varchar(30) DEFAULT NULL,
  `fakultas` varchar(30) NOT NULL,
  `jurusan` varchar(30) NOT NULL,
  `angkatan` char(4) NOT NULL,
  `riwayat` mediumtext,
  `fname` varchar(20) NOT NULL,
  `mname` varchar(20) DEFAULT NULL,
  `lname` varchar(20) NOT NULL,
  PRIMARY KEY (`npm`)
) ENGINE=MyISAM DEFAULT CHARSET=latin1;
/*!40101 SET character_set_client = @saved_cs_client */;

--
-- Dumping data for table `orang`
--

LOCK TABLES `orang` WRITE;
/*!40000 ALTER TABLE `orang` DISABLE KEYS */;
INSERT INTO `orang` (`npm`, `no_hp`, `email`, `fakultas`, `jurusan`, `angkatan`, `riwayat`, `fname`, `mname`, `lname`) VALUES ('0000000001','12345678','gopan.banu@ui.edu','fasilkom','Salam','2007','Ketua Salam X41','Tofan','Banu','Kusuka'),('0000000007','085692474545','salman@ui.edu','fpsi','Psikologi','2007','Mantan bakal calon ketua BEM Psikologi UI.','Salman','Al','Farisi'),('0584796541','085678547888','l.zaman@ui.ac.id','fasilkom','Ilmu Komputer','2007','kadept adkesma bem fasilkom, kabiro psdm fuki fasilkom','Little','','Zaman'),('0906510565','085692051000','yahyaman@gmail.com','fasilkom','Ilmu Komputer','2009','dpm fasilkom ui','Yahya','','Muhammad'),('0909090909','14045','apa@aja.com','fpsi','Sistem Informasi','2008','ini adalah contoh riwayat, bisa diisi riwayat pendidikan, organisasi, atau apa pun','Nazar','Udin','Samsudin'),('1122334455','','','fasilkom','Ilmu Komputer','2009','Dia adalah seorang mantan ketua OSIS di sekolahnya.','Faiq','Miftakhul','Falakh'),('1144114411','','','undefined','Gigi','2020','undefined','Syarif','','Pudin'),('1205895674','','adrian@gmail.com','fib','Sastra Arab','2008','dummy ke sekian','Adrian','Jaya','Kristanto'),('1234567890','98765','con@toh.com','fisip','Adm. Niaga','2010','Ketua LDF Fisip 2011 loh','Tommi','','Satyo'),('1265987401','','','fe','Akutansi','2012','','Rizal','Bahriawan','Pahlevi'),('1596964512','08568432112','m.budi@ui.ac.id','fe','Ilmu Ekonomi','2015','Pernah menjadi ketua Rohis di SMP dan SMA nya.','Muhammad','Budi','Akmal'),('2323232323','','','undefined','Kedokteran','2015','undefined','Yamin','','Mie'),('2424242424','','','undefined','Gigi','2014','undefined','Mie','','Yamin'),('3693693690','','galih.andy@ui.ac.id','undefined','Ilmu Komputer','2009','undefined','Galih','Andy','Pradana'),('4455665544','08568364782','yulindo@ui.ac.id','fk','Psikologi','2009','Ketua FUKI 2011: Akselerasi Aksi','Yulindo','','Nasution'),('5555555555','085608130878','ragil@ui.ac.id','fk','Ilmu Komputer','2009','Ketua biro Media dan Komunikasi FUKI 2011','Pulung','Ragil','Lanang'),('7474747474','081122334455','','ft','Mesin','2000','Ustadz partai','Jundi','Baik','Semangat'),('8888888888','08567688554','andika@ui.edu','fk','Kedokteran','2016','','Andika','','Syaban'),('9090909090','','','fmipa','matematika','2011','','mentee','','baik'),('admin',NULL,NULL,'fasilkom','Ilmu Komputer','2009',NULL,'Yahya',NULL,'Muhammad'),('mentor2',NULL,NULL,'fisip','ilmu politik','2008',NULL,'Yasalam',NULL,'Alaika'),('pembinaan',NULL,NULL,'fmipa','Matematika','2006',NULL,'Tino',NULL,'Gaus'),('0906563634','085691850184','susilo16edy@gmail.com','fasilkom','Sistem Informasi','2009','','Edy','','Susilo'),('1006666305','083897807895','khoirul.annas@ymail.com','fasilkom','Sistem Informasi','2010','','Khoirul','','Annas'),('1006666343','085781186233','fudhla507@yahoo.co.id','fasilkom','Sistem Informasi','2010','','Muhammad','','Fadhil'),('1006671141','08990542123','apien_sip@yahoo.co.id','fasilkom','Ilmu Komputer','2010','','Afin','Pramana','Oktavian'),('1006671293','08568879199','','fasilkom','Ilmu Komputer','2010','','Budi','','Hartadi'),('1006671381','08989226954','van_another@yahoo.com','fasilkom','Ilmu Komputer','2010','','Evan','','Ariansyah'),('1006671646','08975964550','setiyawanj27@yahoo.com','fasilkom','Ilmu Komputer','2010','','Jodi','','Setiyawan'),('1006666753','08567951173','sb.rahmat@gmail.com','fasilkom','Ilmu Komputer','2010','','Rahmat','Hidayah','Sb'),('1006686212','085782085858','randy_lukmana_asbest@yahoo.com','fasilkom','Sistem Informasi','2010','','Randy','','Lukmana'),('1006759901','085710755155','rin_lennon@yahoo.com','fasilkom','Ilmu Komputer','2010','','Zulfikar','Ian','Ifetayo'),('1006665971','085695621000','indonesiaxguardian007z@yahoo.c','fasilkom','Ilmu Komputer','2010','','Argianto','','Rahartomo'),('1006665990','','dimzz_29@hotmail.com','fasilkom','Ilmu Komputer','2010','','Dimas','','Agung'),('1006666135','','','fasilkom','Ilmu komputer','2010','','Rachmad','','Akbar'),('1006666236','','','fasilkom','Ilmu Komputer','2010','','Adrian','','Nuradiansyah'),('1006665933','','','fasilkom','Ilmu komputer','2010','','Ade','','Sudiman'),('1006665946','','','fasilkom','Ilmu Komputer','2010','','Ahmad','','Fanani'),('1006665984','','','fasilkom','Ilmu Komputer','2010','','Arief','Yudha','Satria'),('1006666141','085287997308','','fasilkom','Ilmu Komputer','2010','','Rifai','','Rifai'),('1006666330','','','fasilkom','Sistem Informasi','2010','','Mohd','Khalis','Anra'),('1006671766','','','fasilkom','Ilkom','2010','','Muhammad','Mufid','Afif'),('1006671904','','','fasilkom','Ilkom','2010','','Rizal','','Bahriawan'),('1006671942','','','fasilkom','Ilkom','2010','','Ryan','','Riandi'),('1006685626','','','fasilkom','SI','2010','','Alfian','','Erliansyah'),('1006685853','','','fasilkom','SI','2010','','Gilang','','Pamenan'),('1006671740','','','fasilkom','Ilkom','2010','','Muhammad','','Iqbal'),('1006671910','','','fasilkom','Ilkom','2010','','Rizki','Perdana','Rangkuti'),('1006685670','','','fasilkom','SI','2010','','Arif','Rachman','Ashar'),('1006685746','','','fasilkom','SI','2010','','Dean','Patria','Budoyo'),('1006770690','','','fasilkom','Ilkom','2010','','Ahmad','Faruq','Waqfi'),('1006770734','','','fasilkom','Ilkom','2010','','M','ArifRahman','Hakim'),('1006770772','','','fasilkom','Ilkom','2010','','Riza','','Febriyanto'),('1006759712','','','fasilkom','Ilkom','2010','','Fadhil','','Sultoni'),('1006759782','','','fasilkom','Ilkom','2010','','Luthfi','Ardian','W'),('1006759813','','','fasilkom','Ilkom','2010','','M','Rasyid','Ridho'),('1006759845','','','fasilkom','Ilkom','2010','','Rinaldi','Akbar','S'),('1006759864','','','fasilkom','Ilkom','2010','','Ruhush','','Shoalihin'),('1006770785','','','fasilkom','Ilkom','2010','','Rizky','','Ardiansyah'),('1006760821','','','fasilkom','Ilkom','2010','','Mohammad','Afour','Satria'),('1006775735','','','fasilkom','SI','2010','','Salinov','','Akbar'),('1006666412','','','fasilkom','SI','2010','','Taufik','','Fadjar'),('1006671173','','','fasilkom','Ilkom','2010','','Ahmad','Hafizh','Zulyaden'),('1006671375','','','fasilkom','Ilkom','2010','','Erryan','','Sazany'),('1006671444','','','fasilkom','Ilkom','2010','','Fatkhan','','Khoirurridlo'),('1006671633','','','fasilkom','Ilkom','2010','','Jaswir','','Siregar'),('1006671690','','','fasilkom','Ilkom','2010','','Mohammad','Fajarrizky','Abidin'),('1006671923','','','fasilkom','Ilkom','2010','','Rizqi','','Synergy'),('1006760651','','','fasilkom','SI','2010','','Abdullah','','Abdullah'),('1006760746','','','fasilkom','SI','2010','','Damar','','Bintoro'),('1006760765','','','fasilkom','SI','2010','','Eriq','Pratista','Agustab'),('1006666040','','','fasilkom','Ilkom','2010','','Kemal','Maulana','Kurniawan'),('1006666091','','','fasilkom','Ilkom','2010','','Muhammad','Irfan','Fadhillah'),('1006666204','','','fasilkom','Ilkom','2010','','Wira','','Pramudy'),('1006666721','','','fasilkom','Ilkom','2010','','Ashar','','Fuadi'),('1006671513','','','fasilkom','Ilkom','2010','','Harish','Muhamamd','Nazief'),('1006671785','','','fasilkom','Ilkom','2010','','Muhammad','Rizki','Aulia'),('1006665952','','','fasilkom','Ilkom','2010','','Anang','Ferdi','Kusuma'),('1006671601','','','fasilkom','Ilkom','2010','','Ismail','','Hassan'),('1006686042','','','fasilkom','SI','2010','','Mochammad','Sidqi','Hadyan'),('1006671753','','','fasilkom','Ilkom','2010','','Muhammad','Kholid','Arrofi'),('1006671116','','','fasilkom','Ilkom','2010','','Aditya','Tryx','Anggoro'),('1006671860','','','fasilkom','Ilkom','2010','','Ricky','Arifandi','Daniel'),('1006671955','','','fasilkom','Ilkom','2010','','Sachruri','Abbas','Ras'),('1006775640','','','fasilkom','SI','2010','','Afdhol','','Martoni'),('1006686143','','','fasilkom','Ilkom','2010','','Nanda','','Firdaus'),('1106007104','','','fasilkom','Ilmu Komputer','2011','','Amalia','Mardhia','Ersa'),('1106022175','','','fasilkom','Ilmu Komputer','2011','','Elvira','','Susiana'),('1106022010','','','fasilkom','Ilmu Komputer','2011','','Endang','Panny','W'),('1106021172','','','fasilkom','Ilmu Komputer','2011','','Bonita','','Ramadhani'),('1106000161','','','fasilkom','Ilmu Komputer','2011','','Fitriani','','Revanda'),('1106017603','','','fasilkom','Ilmu Komputer','2011','','Irma','Aprilia','Wulandari'),('1106053703','','','fasilkom','Ilmu Komputer','2011','','Kanya','','Rizkianti'),('1106007483','','','fasilkom','Ilmu Komputer','2011','','Syahidah','Izza','Rufaida'),('1106053672','','','fasilkom','Ilmu Komputer','2011','','Anggi','','Maulidyani'),('1106089003','','','fasilkom','Ilmu Komputer','2011','','Cindy','Perdana','C'),('1106012003','','','fasilkom','Ilmu Komputer','2011','','Dipta','','Tanaya'),('1106053501','','','fasilkom','Ilmu Komputer','2011','','Enreina','Annisa','Rizkiasri'),('1106017042','','','fasilkom','Ilmu Komputer','2011','','Febrina','','Rahdiyani'),('1106023190','','','fasilkom','Ilmu Komputer','2011','','Hargiyanti','Wulan','Utami'),('1106018985','','','fasilkom','Ilmu Komputer','2011','','Irania','',''),('1106088953','','','fasilkom','Ilmu Komputer','2011','','Nori','','Hesviandani'),('1106008372','','','fasilkom','Ilmu Komputer','2011','','Widi','Rizki','Damarsati'),('1106014601','','','fasilkom','Ilmu Komputer','2011','','Elvira','',''),('1106015232','','','fasilkom','Ilmu Komputer','2011','','Amanda','','Ghaisani'),('1106012243','','','fasilkom','Ilmu Komputer','2011','','Fauzia','Arini','A'),('1106020876','','','fasilkom','Ilmu Komputer','2011','','Febriana','Wulan','Sari'),('1106004310','','','fasilkom','Ilmu Komputer','2011','','Nur','Endah','Safitri'),('1106011764','','','fasilkom','Ilmu Komputer','2011','','Rima','','Nurlianti'),('1106000924','','','fasilkom','Ilmu Komputer','2011','','Yuliana','','Khairani'),('1106053590','','','fasilkom','Ilmu Komputer','2011','','Syeftiarini','Fani','Sutendi'),('1106054826','','','fasilkom','Ilmu Komputer','2011','','Atika','','Najla'),('1106015554','','','fasilkom','Ilmu Komputer','2011','','Dita','','Widiarty'),('1106013201','','','fasilkom','Ilmu Komputer','2011','','Hamidah','',''),('1106054952','','','fasilkom','Ilmu Komputer','2011','','Karendiya','','Kinasih'),('1106020245','','','fasilkom','Ilmu Komputer','2011','','Nurul','','Aini'),('1106054933','','','fasilkom','Ilmu Komputer','2011','','Rana','Fathiya','Kusuma'),('1106018663','','','fasilkom','Ilmu Komputer','2011','','Rennie','','Nonaestrelita'),('1106013750','','','fasilkom','Ilmu Komputer','2011','','Vini','Ramafirda','Akbar'),('1106014551','','','fasilkom','Ilmu Komputer','2011','','Audry','Pragita','Putri'),('1106009513','','','fasilkom','Ilmu Komputer','2011','','Aulia','Ramadhani','Kusro'),('1106011783','','','fasilkom','Ilmu Komputer','2011','','Hana','','Fitriani'),('1106054864','','','fasilkom','Ilmu Komputer','2011','','Ika','Apriyanti','Muiz'),('1106013946','','','fasilkom','Ilmu Komputer','2011','','Nisa','','Zulhikmah'),('1106007893','','','fasilkom','Ilmu Komputer','2011','','Nurulfajri','','Oktaviani'),('1106019893','','','fasilkom','Ilmu Komputer','2011','','Isabella','Ayu','Wardhanie'),('1106054800','','','fasilkom','Ilmu Komputer','2011','','Vatia','Arda','Putri'),('1106088505','','','fasilkom','Ilmu Komputer','2011','','Alia','','Lutfiyani'),('1106016241','','','fasilkom','Ilmu Komputer','2011','','Dewi','','Setiawati'),('1106088594','','','fasilkom','Ilmu Komputer','2011','','Elsa','','Destiana'),('1106011676','','','fasilkom','Ilmu Komputer','2011','','Nur','Mariyana','Rahmah'),('1106015030','','','fasilkom','Ilmu Komputer','2011','','Nur','','Rahmadania'),('1106088096','','','fasilkom','Ilmu Komputer','2011','','Sarah','','Kamilah'),('1106005761','','','fasilkom','Ilmu Komputer','2011','','Saumi','','Rahmantika'),('1106005736','','','fasilkom','Ilmu Komputer','2011','','Siti','','Jumaliaya'),('1106088474','','','fasilkom','Ilmu Komputer','2011','','Savitri','','Niradianty'),('1106088581','','','fasilkom','Sistem Informasi','2011','','Anita','Kartika','Sintiadewi'),('1106001800','','','fasilkom','Sistem Informasi','2011','','Annisa','Karimah','Tamalate'),('1106014545','','','fasilkom','Sistem Informasi','2011','','Elgine','','Bridge'),('1106021525','','','fasilkom','Sistem Informasi','2011','','Fathia','Prinastiti','Sunarso'),('1106001126','','','fasilkom','Sistem Informasi','2011','','Indar','','Fauziah'),('1006005805','','','fasilkom','Sistem Informasi','2011','','Jihan','',''),('1106009091','','','fasilkom','Sistem Informasi','2011','','Shabrina','','Ulfah'),('1106010420','','','fasilkom','Sistem Informasi','2011','','Siti','Hasna','Mursyidah'),('1106087843','','','fasilkom','Sistem Informasi','2011','','Tyas','Widi','Asrini'),('1106088783','','','fasilkom','Sistem Informasi (Paralel)','2011','','Anisa','','Fatkhuriani'),('1106088202','','','fasilkom','Sistem Informasi (Paralel)','2011','','Annisaa','Fitri','Shabrina'),('1106088612','','','fasilkom','Sistem Informasi (Paralel)','2011','','Astri','','Purwadhanty'),('1106088215','','','fasilkom','Sistem Informasi (Paralel)','2011','','Nurfitriana','','Haryantie'),('1106088890','','','fasilkom','Sistem Informasi (Paralel)','2011','','Pinkyvi','Tiffany','W'),('1106088529','','','fasilkom','Sistem Informasi (Paralel)','2011','','Rani','','Khairunnisa'),('1106088530','','','fasilkom','Sistem Informasi (Paralel)','2011','','Rizky','','Wijayanti'),('1106088032','','','fasilkom','Sistem Informasi (Paralel)','2011','','Teresa','',''),('1106017282','','','fasilkom','Sistem Informasi','2011','','Dhisa','','Valentina'),('1106001901','','','fasilkom','Ilmu Komputer','2011','','Fauziah','','Rahmawati'),('1106022603','','','fasilkom','Ilmu Komputer','2011','','Riska','','Fadilla'),('1106014740','','','fasilkom','Ilmu Komputer','2011','','Suci','','Fadhilah'),('1106007855','','','fasilkom','Sistem Informasi','2011','','Wina','','Hardini'),('1106002204','','','fasilkom','Ilmu Komputer','2011','','Dwi','Teguh','Priyantini'),('1106022654','','','fasilkom','Ilmu Komputer','2011','','Gina','','Andriyani'),('1106013340','','','fasilkom','Sistem Informasi','2011','','Husna','','Yanevi'),('1106015964','','','fasilkom','Ilmu Komputer','2011','','Isnaeni','','Nurrohmah'),('1106013126','','','fasilkom','Sistem Informasi','2011','','Utari','','Amri'),('1106017925','','','fasilkom','Ilmu Komputer','2011','','Arinda','Dwi','Okfantia'),('1106054965','','','fasilkom','Sistem Informasi','2011','','Augviona','','Brilianty'),('1106054914','','','fasilkom','Sistem Informasi','2011','','Aulia','','Pangestu'),('1106012703','','','fasilkom','Sistem Informasi','2011','','Fathiya','El','Huda'),('1106007621','','','fasilkom','Ilmu Komputer','2011','','Nabila','Fajri','Asroria'),('1106014116','','','fasilkom','Sistem Informasi','2011','','Nurul','','Hikmah'),('1106022244','','','fasilkom','Sistem Informasi','2011','','Tyas','Meuthia','Waffa'),('1006666715','','','fasilkom','ilmu Komputer','2010','','Alham','Fikri','Aji'),('0806472906','','','fasilkom','Ilmu Komputer','2008','','Ardhi','','wibowo'),('0906552385','','','fasilkom','Ilmu Komputer','2009','','Bintang','Triatmo','Nugroho'),('0906552416','','','fasilkom','Ilmu Komputer','2009','','Hardika','','Saputra'),('0906552422','','','fasilkom','Ilmu Komputer','2009','','Izzan','Nuralam','Saelan'),('0906552441','','','fasilkom','Ilmu Komputer','2009','','Mohammad','Gazza','Azhari'),('0906552454','','','fasilkom','Ilmu Komputer','2009','','Muhammad','Fadhiel','Alie'),('0906552486','','','fasilkom','Ilmu Komputer','2009','','Raihan','','Kurnianto'),('0906552523','','','fasilkom','Ilmu Komputer','2009','','Yoga','Adwitya','Affan'),('0906552536','','','fasilkom','Ilmu Komputer','2009','','Yovie','Pradipta','Anggriya'),('0806339471','','','fasilkom','Sistem Informasi','2008','','Dori','Gusva','Wijaya'),('1006671066','','','fasilkom','Ilmu Komputer','2010','','Abdel','Haq','Firdausy'),('1006671085','','','fasilkom','Ilmu Komputer','2010','','Aditya','Amin','Refandi'),('1006671425','','','fasilkom','Ilmu Komputer','2010','','Fajar','Setyo','Nugroho'),('1006671564','','','fasilkom','Ilmu Komputer','2010','','Indra','Eka','Prasetya'),('1006666394','','','fasilkom','Ilmu Komputer','2010','','Rivans','Aulia','Anugerah'),('1006671103','','','fasilkom','Ilmu Komputer','2010','','Aditya','','Prakarsa'),('1006671204','','','fasilkom','Ilmu Komputer','2010','','Ardhian','','Prabantoro'),('1006671476','','','fasilkom','Ilmu Komputer','2010','','Grafika','','Jati'),('0806457672','','','fasilkom','Ilmu Komputer','2008','','Kharda','','Ahfa'),('1234567888','','','fk','SFSFS','1234','','ADADADA','','SFFSF'),('1006686124','','','fasilkom','Sistem Informasi','2010','','Muhammad','Ridha','Fauzan'),('1006686282','','','fasilkom','Sistem Informasi','2010','','Surya','Adhi','Saputra'),('1006732061','08999666791','','fasilkom','Sistem Informasi','2010','','Wahyu','Kuncoro','Adi'),('1006759681','085880674567','','fasilkom','Ilmu Komputer','2010','','Dika','','Handika'),('1006760664','085730450828','','fasilkom','Sistem Informasi','2010','','Ahmad','','Haidar'),('1006685840','085710280075','','fasilkom','Sistem Informasi','2010','','Ghali','Ajie','Suryo'),('1006685891','085780548872','','fasilkom','Sistem Informasi','2010','','Herman','','Wahyudi'),('1006686130','08569535725','','fasilkom','Sistem Informasi','2010','','Umar','Abdul','Aziz'),('1006756585','085765325700','','fasilkom','Ilmu Komputer','2010','','Ridho','Angga','Amalona'),('1006685563','085718141811','','fasilkom','Sistem Informasi','2010','','Aditya','Rahman','Ananda'),('1006685683','081546207676','','fasilkom','Sistem Informasi','2010','','Ario','','Permadi'),('1006685701','085692491764','','fasilkom','Sistem Informasi','2010','','Aulia','','Damarreza'),('1006685752','0218755243','','fasilkom','Sistem Informasi','2010','','Denny','','Haryadi'),('1006685765','085718895560','','fasilkom','Sistem Informasi','2010','','Dhabith','','Muhtadi'),('1006685790','085287449902','','fasilkom','Sistem Informasi','2010','','Dimash','','Narendra'),('1006686055','085693625695','','fasilkom','Sistem Informasi','2010','','Muhammad','Ikhsan','Rahardian'),('1006686061','083893614140','','fasilkom','Sistem Informasi','2010','','Mozart','Muhammad','Maulansyah'),('1006759656','08568829067','','fasilkom','Ilmu Komputer','2010','','Ahmad','Faig','Igro'),('1006759832','085761144026','','fasilkom','Ilmu Komputer','2010','','Muhammad','Irfan','Nasution'),('1006760790','08111335602','','fasilkom','Sistem Informasi','2010','','Haga','','Nurikhsan'),('1006775666','08128682800','','fasilkom','Sistem Informasi','2010','','Giri','','Hariztio'),('0000000000','085716766555','','fasilkom','Sistem Informasi','2010','','Muhammad','','Arfahsyad'),('1006685582','08568444460','','fasilkom','Sistem Informasi','2010','','Afrihadi','','Tanjung'),('1006685595','08561147297','','fasilkom','Sistem Informasi','2010','','Afrishal','','Priyandhana'),('1006685696','08561997782','','fasilkom','Sistem Informasi','2010','','Arvin','Muhammad','Mirza'),('1006686181','085720088492','','fasilkom','Sistem Informasi','2010','','Dhika','Ahmad','Aulia'),('1006686206','02191364432','','fasilkom','Sistem Informasi','2010','','Rama','Dwiyana','Putera'),('1006760683','085711170535','','fasilkom','Sistem Informasi','2010','','Andhika','Yudha','Utomo'),('1006760840','08979751573','','fasilkom','Sistem Informasi','2010','','Reza','','Irwansyah'),('0806334691','08568128654','asfaari_r@yahoo.com','fasilkom','Ilmu Komputer','2008','','Asfaari','','Raasyidah'),('0806316322','','','fasilkom','Ilmu Komputer','2008','','Eka','Zahnia','Purnamasari'),('0806335050','08988194345','miftahhusni@yahoo.com','fasilkom','Ilmu Komputer','2008','','Miftahul','','Husni'),('1006686276','085217806723','','fasilkom','Sistem Informasi','2010','','Sulistyorini','',''),('0906563842','08568795277','mutmainah.fadillah@gmail.com','fasilkom','Sistem Informasi','2009','apa yaaa~~','Mutmainah','',''),('0906562902','083874358840','','fasilkom','Ilmu Komputer','2009','','Iis','','Afriyanti'),('1006685576','085693654544','vifafifah@gmail.com','fasilkom','Sistem Informasi','2010','','Afifa','','Amriani'),('1006775691','081374988236','','fasilkom','Sistem Informasi','2010','','Mutia','','Ovirza'),('1006775672','08568719587','khafidlotun.muslikhah@yahoo.co','fasilkom','Sistem Informasi','2010','','Khafidlotun','','Muslikhah'),('0806339673','085710941727','','fasilkom','Sistem Informasi','2008','','Siska','Eka','Putriani'),('0806316316','081381093597','dianefitria@yahoo.com','fasilkom','Ilmu Komputer','2008','','Diane','','Fitria'),('0906493155','085719190208','','fasilkom','Ilmu Komputer','2009','','Suci','Nurul','Insani'),('0906492991','081316914831','','fasilkom','Ilmu Komputer','2009','','Alifah','','Syamsiyah'),('0906518170','085731206096','','fasilkom','Sistem Informasi','2009','','Dinur','Rahmani','Sadat'),('0806334956','081532772339','kirana.widyastuti@gmail.com','fasilkom','Ilmu Komputer','2008','','Kirana','','Widyastuti'),('1006685815','','','fasilkom','Sistem Informasi','2010','','Dyah','','Ayuningtyas'),('1006666002','','','fasilkom','Ilmu Komputer','2010','','Firlia','','Sandyta'),('1006686023','','','fasilkom','Sistem Informasi','2010','','Mira','','Pravitasari'),('1006666381','','','fasilkom','Sistem Informasi','2010','','Reishita','','Indardhati'),('1006760853','','','fasilkom','Sistem Informasi','2010','','Rizky','Amalia','Kurnia'),('1006671961','','','fasilkom','Ilmu Komputer','2010','','Shanti','Nur','Oktavia'),('1006666160','','','fasilkom','Ilmu Komputer','2010','','Silvia','Irma','Wahyuni'),('1006666261','','','fasilkom','Sistem Informasi','2010','','Dinna','','Amelina'),('1006666280','','','fasilkom','Sistem Informasi','2010','','Faiza','Kun','Aida'),('1006760784','','','fasilkom','Sistem Informasi','2010','','Fauria','','Bisara'),('1006666293','','','fasilkom','Sistem Informasi','2010','','Febriana','','Misdianti'),('1006671551','','','fasilkom','Ilmu Komputer','2010','','Inas','Sofiyah','Junus'),('1006672030','','','fasilkom','Ilmu Komputer','2010','','Vemmy','','Yusiana'),('1006770791','','','fasilkom','Ilmu Komputer','2010','','Vini','Agra','Meizi'),('1006770715','','','fasilkom','Ilmu Komputer','2010','','Annisa','Dwi','Nidi'),('1006685714','','','fasilkom','Sistem Informasi','2010','','Bellalita','Samik','Ibrahim'),('1006671816','','','fasilkom','Ilmu Komputer','2010','','Nisrina','','Rahmah'),('1006666375','','','fasilkom','Sistem Informasi','2010','','Rahmi','','Johanes'),('1006671974','','','fasilkom','Ilmu Komputer','2010','','Siti','','Munawaroh'),('1006666186','','','fasilkom','Ilmu Komputer','2010','','Umroh','Machfudza','Sihalolo'),('1006685613','','','fasilkom','Sistem Informasi','2010','','Ajeng','Anugrah','Lestari'),('1006760701','','','fasilkom','Sistem Informasi','2010','','Astri','','Erviana'),('1006685872','','','fasilkom','Sistem Informasi','2010','','Hanifa','Shoffani','Alina'),('1006685960','','','fasilkom','Sistem Informasi','2010','','Khairia','Kurniawati','Rais'),('1006666324','','','fasilkom','Sistem Informasi','2010','','Minami','Yama','Cahyani'),('1006666192','','','fasilkom','Ilmu Komputer','2010','','Wija','','Achyana'),('1006685834','','','fasilkom','Sistem Informasi','2010','','Gaby','Nova','Shintya'),('1006666311','','','fasilkom','Sistem Informasi','2010','','Lika','','Lindyasari'),('1006775716','','','fasilkom','Sistem Informasi','2010','','Nurlaili','','Fajriyah'),('1006666103','','','fasilkom','Ilmu Komputer','2010','','Niken','Fitria','Apriani'),('1006770753','','','fasilkom','Ilmu Komputer','2010','','Niken','','Paramita'),('1006671803','','','fasilkom','Ilmu Komputer','2010','','Nisrina','','Luthfiyati'),('1006775722','','','fasilkom','Sistem Informasi','2010','','Rahma','Islami','Lukitasari'),('1006671192','','','fasilkom','Ilmu Komputer','2010','','Annisa','Prida','Rachmadianty'),('1006759706','','','fasilkom','Ilmu Komputer','2010','','Dyah','Inastra','D'),('1006760771','','','fasilkom','Sistem Informasi','2010','','Farah','','Nuraini'),('1006666066','','','fasilkom','Ilmu Komputer','2010','','Marsha','','Hanifawati'),('1006686250','','','fasilkom','Sistem Informasi','2010','','Rizky','Widia','Amanda'),('1006666406','','','fasilkom','Sistem Informasi','2010','','Swastu','Puri','Antini'),('1006666242','','','fasilkom','Sistem Informasi','2010','','Aldyra','Dhien','Swavira'),('1006671362','','','fasilkom','Ilmu Komputer','2010','','Elsa','Anggraini','Darwin'),('1006671431','','','fasilkom','Ilmu Komputer','2010','','Farah','Shafira','Effendi'),('1006685973','','','fasilkom','Sistem Informasi','2010','','Lunetta','','Arifia'),('1006666362','','','fasilkom','Sistem Informasi','2010','','Nila','','Sukmawati'),('1006666116','','','fasilkom','Ilmu Komputer','2010','','Nur','Nindya','Karina'),('1006666173','','','fasilkom','Ilmu Komputer','2010','','Tyara','Tri','Adistie'),('0906552372','','','fasilkom','KKI','2009','','Anindra','Adani','Iswara'),('0906552473','','','fasilkom','KKI','2009','','Puspita','Kemalasari','Ahmadi'),('0906552492','','','fasilkom','KKI','2009','','Ratih','Paramita','Sari'),('0906552510','','','fasilkom','KKI','2009','','Widya','Tri','Utami'),('0906646050','','','fasilkom','KKI','2009','','Sartika','Tenri','Aisyah'),('1106053533','','','fasilkom','Ilmu Komputer','2011','','Muhammad','','Adiyat'),('1106053571','','','fasilkom','Ilmu Komputer','2011','','Anindito','','Rahardyaksa'),('1106087622','','','fasilkom','Ilmu Komputer','2011','','Emir','Syehser','Tahrir'),('1106053666','','','fasilkom','Ilmu Komputer','2011','','Ginanjar','Ibnu','Solikhin'),('1106087686','','','fasilkom','Ilmu Komputer','2011','','Kurniagusta','','Dwinto'),('1106087660','','','fasilkom','Ilmu Komputer','2011','','M','Irfan','Handarbeni'),('1106087433','','','fasilkom','Ilmu Komputer','2011','','Muhammad','Arrasy','Rahman'),('1106053653','','','fasilkom','Ilmu Komputer','2011','','Muhammad','Hanif','Naufal'),('1106053691','','','fasilkom','Ilmu Komputer','2011','','Muhammad','','Rayanovtam'),('1106087692','','','fasilkom','Ilmu Komputer','2011','','Rasmunandar','','Rustam'),('1106087540','','','fasilkom','Ilmu Komputer','2011','','Adhitya','Wicaksono','Putra'),('1106087515','','','fasilkom','Ilmu Komputer','2011','','Almer','','Radilatujani'),('1106087673','','','fasilkom','Ilmu Komputer','2011','','Bimo','Prasetyo','Sigit'),('1106053483','','','fasilkom','Ilmu Komputer','2011','','Ibrahim','Nurandita','Isbandiputra'),('1106053685','','','fasilkom','Ilmu Komputer','2011','','Prakoso','Adi','Nugroho'),('1106053602','','','fasilkom','Ilmu Komputer','2011','','Muhammad','Febrian','Ramadhana'),('1106087591','','','fasilkom','Ilmu Komputer','2011','','Rafi','Putra','Arriyan'),('1106087654','','','fasilkom','Ilmu Komputer','2011','','Rezka','Aufar','Leonandya'),('1106087635','','','fasilkom','Ilmu Komputer','2011','','Satrio','Labib','Mubarak'),('1106087585','','','fasilkom','Ilmu Komputer','2011','','Satrio','','Wibisono'),('1106014766','','','fasilkom','Ilmu Komputer','2011','','Abi','Hafshin','AlFarouq'),('1106053470','','','fasilkom','Ilmu Komputer','2011','','Adrian','','Alfarisy'),('1106087641','','','fasilkom','Ilmu Komputer','2011','','Erza','Radifan','Rahmat'),('1106053464','','','fasilkom','Ilmu Komputer','2011','','Fauzan','Helmi','Sudaryanto'),('1106021260','','','fasilkom','Ilmu Komputer','2011','','Irfan','Nur','Afif'),('1106020056','','','fasilkom','i','2011','','Rasyidi','','Hakim'),('1106004153','','','fasilkom','Ilmu Komputer','2011','','Rezki','','Destiana'),('1106022862','','','fasilkom','Ilmu Komputer','2011','','Rifqy','Fakhrul','Rijal'),('1106020812','','','fasilkom','Ilmu Komputer','2011','','Satrio','Dwi','Huripto'),('1106053552','','','fasilkom','Ilmu Komputer','2011','','Yahya','Eru','Cakra'),('1106053546','','','fasilkom','Ilmu Komputer','2011','','Abdullah','Izzuddiin','Alqassam'),('1106016720','','','fasilkom','Ilmu Komputer','2011','','Agung','Putra','Pasaribu'),('1106011442','','','fasilkom','Ilmu Komputer','2011','','Agung','','Gunawan'),('1006000224','','','fasilkom','Ilmu Komputer','2011','','Eka','Satria','Soekarno'),('1106000874','','','fasilkom','Ilmu Komputer','2011','','Hadiyan','Nur','Rochman'),('1106006991','','','fasilkom','Ilmu Komputer','2011','','Jouvy','Alif','Pradewo'),('1106002021','','','fasilkom','Ilmu Komputer','2011','','Rama','','Syaliandra'),('1106053584','','','fasilkom','Ilmu Komputer','2011','','Satria','','Ramadhan'),('1106007754','','','fasilkom','Ilmu Komputer','2011','','Ahmad','Rizqi','Pratama'),('1106002330','','','fasilkom','Ilmu Komputer','2011','','Fariz','','Ikhwantri'),('1106000451','','','fasilkom','Ilmu Komputer','2011','','Novian','','Habibie'),('1106015112','','','fasilkom','Ilmu Komputer','2011','','Prasetya','Aji','Utama'),('1106019975','','','fasilkom','Ilmu Komputer','2011','','Sarah','','Aurelia'),('1106017080','','','fasilkom','Ilmu Komputer','2011','','Yusuf','Cahyo','Nugroho'),('1106020176','','','fasilkom','Ilmu Komputer','2011','','Zaka','Zaidan','Azminur'),('1106087566','','','fasilkom','Ilmu Komputer','2011','','Fadli','Robbi','Rizki'),('1106004815','','','fasilkom','Ilmu Komputer','2011','','M','Baja','Hamzah'),('1106005673','','','fasilkom','Ilmu Komputer','2011','','Muhammad','Rahadian','Yusuf'),('1106019590','','','fasilkom','Ilmu Komputer','2011','','Taufan','','Satrio'),('1106010912','','','fasilkom','Ilmu Komputer','2011','','Zulfikar','Akbar','Muzaki'),('1106087811','085697130923','','fasilkom','Sistem Informasi','2011','','Riza','Harzego','NF'),('1106087805','','','fasilkom','Si','2011','','Ahmad','Naufal','Aufa'),('1106087894','081399143467','','fasilkom','Sistem Informasi','2011','','Cahaya','Ikhwan','Putra'),('1106087830','085694171583','','fasilkom','Sistem Informasi','2011','','Swandika','','Gumilang'),('1106055002','0856611939','','fasilkom','Sistem Informasi','2011','','Aulia','Viyansyah','Afif'),('1106087875','083890351986','','fasilkom','Sistem Informasi','2011','','Muhammad','Redho','Ayassa'),('1106087723','08567209154','','fasilkom','Sistem Informasi','2011','','Windu','','Masardi'),('1106087881','085694412329','','fasilkom','Sistem Informasi','2011','','Mario','','Joel'),('1106087793','08569866668','','fasilkom','Sistem Informasi','2011','','Muhammad','Irfan','Fadhila'),('1106087824','085693576594','','fasilkom','Sistem Informasi','2011','','Fajar','','Iman'),('1106087736','08561681220','','fasilkom','Sistem Informasi','2011','','Herman','','syah'),('1106087761','081387939577','','fasilkom','Sistem Informasi','2011','','Galih','Rizky','Ramadhani'),('1106054920','08999644390','','fasilkom','Sistem Informasi','2011','','Raihan','','Yasier'),('1106087856','081266578735','','fasilkom','Sistem Informasi','2011','','Rahmadani','','Saputra'),('1106054946','082137341838','','fasilkom','Sistem Informasi','2011','','Choirudin','','Choirudin'),('1106054901','085780896244','','fasilkom','Sistem Informasi','2011','','Irvan','Ramadhan','Zarkasie'),('1106054870','083894026169','','fasilkom','Sistem Informasi','2011','','Fawwaz','','Afifanto'),('1106000205','085780184746','','fasilkom','Sistem Informasi','2011','','Harjuna','Tri','Nugroho'),('1106017212','085718203401','','fasilkom','Sistem Informasi','2011','','Musa','Al','Fatih'),('1106023133','085651310787','','fasilkom','Sistem Informasi','2011','','Riandy','Aditya','Putra'),('1106014620','08567054252','','fasilkom','Sistem Informasi','2011','','Rudy','Rachman','Indrawanto'),('1106009955','085717388956','','fasilkom','Sistem Informasi','2011','','Reza','','Biantoro'),('1106019022','08975729966','','fasilkom','Sistem Informasi','2011','','Yody','','Paryodya'),('1106013870','085717100133','','fasilkom','Sistem Informasi','2011','','Riandra','','Ramadana'),('1106019104','081367500921','','fasilkom','Sistem Informasi','2011','','Muhammad','Erilio','Giovani'),('1106017591','081933236778','','fasilkom','Sistem Informasi','2011','','Fahmi','Dian','Rizky'),('1106008605','08972225628','','fasilkom','Sistem Informasi','2011','','Dimas','','Ramadhani'),('1106088510','08998082080','','fasilkom','Sistem Informasi','2011','','Yodi','Syaeful','Anwar'),('1106054984','087775972717','','fasilkom','Sistem Informasi','2011','','Muhammad','Faiz','Hafidzuddin'),('1106054851','081320759798','','fasilkom','Sistem Informasi','2011','','Bayu','','Suryadana'),('1106087982','087881517945','','fasilkom','Sistem Informasi','2011','','Muhammad','Zulfi','Ashari'),('1106000155','085697111580','','fasilkom','Sistem Informasi','2011','','Kandito','Agung','Wicaksono'),('1106003522','085738304066','','fasilkom','Ilmu Komputer','2011','','Teguh','Atma','Wijaya'),('1106016001','085763314074','','fasilkom','Sistem Informasi','2011','','Muhammad','Fajar','Siddiq'),('1106022780','085720846606','','fasilkom','Ilmu Komputer','2011','','Aldi','','Reinaldi'),('1106011266','085746400214','','fasilkom','Ilmu Komputer','2011','','Aldhi','Mirza','Dermawan'),('1111111111','085659683228','','fasilkom','Ilmu Komputer','2011','','Hafiyyan','Sayyid','Fadhillah'),('1106023171','085736801410','','fasilkom','Sistem Informasi','2011','','Dadang','Eko','Budi'),('1106021752','089665579442','','fasilkom','Sistem Informasi','2011','','Mukti','Unggul','Sejati'),('1106010130','085641219569','','fasilkom','Ilmu Komputer','2011','','Sekti','Dimas','Pambudi'),('1106000400','08993438242','','fasilkom','Ilmu Komputer','2011','','Aulia','','Rachmawan'),('1106054813','085274744513','','fasilkom','Sistem Informasi','2011','','Ahmad','','Fajar'),('1106014526','085227512170','','fasilkom','Sistem Informasi','2011','','Muhamad','Rizal','Indrabayu'),('1106011184','085669068077','','fasilkom','Sistem Informasi','2011','','Yonda','','Ramadani'),('1106014854','081263167555','','fasilkom','Sistem Informasi','2011','','Reza','','Mauliadi'),('1106020604','085736280825','','fasilkom','Sistem Informasi','2011','','Rizky','','Purwanto'),('1106004670','081548051828','','fasilkom','Ilmu Komputer','2011','','Ganda','Fitrandia','Islami'),('1106020882','085718351194','','fasilkom','Ilmu Komputer','2011','','Mega','','Annisa'),('0123456789','','','fasilkom','2011','2010','','tes','','coba');
/*!40000 ALTER TABLE `orang` ENABLE KEYS */;
UNLOCK TABLES;

--
-- Table structure for table `prestasi_skill`
--

DROP TABLE IF EXISTS `prestasi_skill`;
/*!40101 SET @saved_cs_client     = @@character_set_client */;
/*!40101 SET character_set_client = utf8 */;
CREATE TABLE `prestasi_skill` (
  `npm` char(10) NOT NULL,
  `daftar_prestasi_atau_skill` longtext,
  PRIMARY KEY (`npm`)
) ENGINE=MyISAM DEFAULT CHARSET=latin1;
/*!40101 SET character_set_client = @saved_cs_client */;

--
-- Dumping data for table `prestasi_skill`
--

LOCK TABLES `prestasi_skill` WRITE;
/*!40000 ALTER TABLE `prestasi_skill` DISABLE KEYS */;
/*!40000 ALTER TABLE `prestasi_skill` ENABLE KEYS */;
UNLOCK TABLES;

--
-- Table structure for table `riwayat_mutasi`
--

DROP TABLE IF EXISTS `riwayat_mutasi`;
/*!40101 SET @saved_cs_client     = @@character_set_client */;
/*!40101 SET character_set_client = utf8 */;
CREATE TABLE `riwayat_mutasi` (
  `id` char(6) NOT NULL,
  `tanggal` date NOT NULL,
  `cp_mr` varchar(20) NOT NULL,
  `alamat` varchar(50) NOT NULL,
  `jenis` varchar(30) NOT NULL,
  PRIMARY KEY (`id`)
) ENGINE=MyISAM DEFAULT CHARSET=latin1;
/*!40101 SET character_set_client = @saved_cs_client */;

--
-- Dumping data for table `riwayat_mutasi`
--

LOCK TABLES `riwayat_mutasi` WRITE;
/*!40000 ALTER TABLE `riwayat_mutasi` DISABLE KEYS */;
/*!40000 ALTER TABLE `riwayat_mutasi` ENABLE KEYS */;
UNLOCK TABLES;

--
-- Table structure for table `terlibat_dalam`
--

DROP TABLE IF EXISTS `terlibat_dalam`;
/*!40101 SET @saved_cs_client     = @@character_set_client */;
/*!40101 SET character_set_client = utf8 */;
CREATE TABLE `terlibat_dalam` (
  `npm` char(10) NOT NULL,
  `kmid` char(6) NOT NULL,
  PRIMARY KEY (`npm`,`kmid`),
  KEY `kmid` (`kmid`)
) ENGINE=MyISAM DEFAULT CHARSET=latin1;
/*!40101 SET character_set_client = @saved_cs_client */;

--
-- Dumping data for table `terlibat_dalam`
--

LOCK TABLES `terlibat_dalam` WRITE;
/*!40000 ALTER TABLE `terlibat_dalam` DISABLE KEYS */;
INSERT INTO `terlibat_dalam` (`npm`, `kmid`) VALUES ('0000000001','km-1'),('0000000001','km-2'),('0909090909','km-2'),('1234567890','km-1'),('1234567890','km-2'),('5555555555','km-1'),('5555555555','km-2'),('7474747474','km-1'),('7474747474','km-2');
/*!40000 ALTER TABLE `terlibat_dalam` ENABLE KEYS */;
UNLOCK TABLES;

--
-- Dumping routines for database 'sibinaco_yahya'
--
/*!40103 SET TIME_ZONE=@OLD_TIME_ZONE */;

/*!40101 SET SQL_MODE=@OLD_SQL_MODE */;
/*!40014 SET FOREIGN_KEY_CHECKS=@OLD_FOREIGN_KEY_CHECKS */;
/*!40014 SET UNIQUE_CHECKS=@OLD_UNIQUE_CHECKS */;
/*!40101 SET CHARACTER_SET_CLIENT=@OLD_CHARACTER_SET_CLIENT */;
/*!40101 SET CHARACTER_SET_RESULTS=@OLD_CHARACTER_SET_RESULTS */;
/*!40101 SET COLLATION_CONNECTION=@OLD_COLLATION_CONNECTION */;
/*!40111 SET SQL_NOTES=@OLD_SQL_NOTES */;

-- Dump completed on 2012-10-09  4:12:21
